7-11_N,(SEVEN-ELEVEN_N),一手打"七"，另一手食指伸直置於其下。
7-11_S,(SEVEN-ELEVEN_S),手語"七"放在嘴前。
OK,(OK),拇指食指相接成圓，其餘三指伸直放身前。
一,(ONE),食指伸直放於身前。
一小時_A,(ONE HOUR_A),一手食指伸直，掌心向上，在另一手手錶處順時針繞一圈。
一小時_B,(ONE HOUR_B),一手握拳掌心向下，在另一手手腕處畫圈後將食指彈開伸直。
一小時_C,(ONE HOUR_C),一手握拳，掌心朝前，在身體前畫圈後將食指彈開伸直。
一分鐘_N,(ONE MINUTE_N),一手食指伸直靠近另一手手背處，由掌心朝內，轉成掌心朝外。
一分鐘_S,(ONE MINUTE_S),一手食指和姆指指尖接觸成圈，其餘緊閉；另一手食指伸直在其圈圈上向外擦出。
一天_A,(ONE DAY_A),食指伸直碰太陽穴後再向前移出。
一天_B,(ONE DAY_B),一+天。
一日_A,(ONE DAY_A),食指伸直碰太陽穴後再向前移出。
一日_B,(ONE DAY_B),食指伸直打開同時畫半圓。
一月,(JANUARY),一手比"一"橫放，另一手在其下方打"月"。
一毛錢,(DIME),食指捲曲放在口前，嘴吹氣。
一同,(TOGETHER),雙手攤開，手指微彎，兩手相對，往內相合。
一回,(ONCE),一手食指指尖點另一手手心後向上拉起。
一年,(YEAR),一手食指和姆指指尖接觸成圈形，其餘握緊；另一手食指在其圈形指尖由上至下繞一圈，然後停在圈上。
一年以前,(LAST YEAR),一手食指和姆指指尖接觸成圈形，其餘握緊；另一手食指在其圈形指尖上，向肩膀處往後一指。
一次,(ONCE),一手食指指尖點另一手手心後向上拉起。
一見鍾情,(LOVE AT FIRST SIGHT),相見+戀愛_B。
一角,(DIME),食指捲曲放在口前，嘴吹氣。
一言為定,(IT'S A DEAL),說+一樣。
一定,(DEFINITELY),雙手掌心上下相對，四指捲曲，用力相扣。
一枝獨秀,(UNIQUE),一手五指張開伸直，另一手食指伸直由其下向上伸出。
一秒鐘,(ONE SECOND),紅_N+一分鐘_N。
一致,(CONSISTENT),雙手姆指食指伸直在胸前交叉，左右拉開後，指尖相碰捏起。
一個月,(ONE MONTH),食指和姆指指尖接觸成圈，食指從臉頰處向外彈開伸直。
一個半,(ONE AND A HALF),食指伸直，拇指重複輕擦中指。
一個星期,(ONE WEEK),一手拇指、食指和中指伸直橫放，掌心向內；另一手食指伸直繞圈。
一個禮拜,(ONE WEEK),一手拇指、食指和中指伸直橫放，掌心向內；另一手食指伸直繞圈。
一個鐘頭_A,(ONE HOUR_A),一手食指伸直，掌心向上，在另一手手錶處順時針繞一圈。
一個鐘頭_B,(ONE HOUR_B),一手握拳掌心向下，在另一手手腕處畫圈後將食指彈開伸直。
一個鐘頭_C,(ONE HOUR_C),一手握拳，掌心朝前，在身體前畫圈後將食指彈開伸直。
一般_A,(ORDINARY_A),雙手掌心朝下，食指伸直重複相碰。
一般_B,(ORDINARY_B),中指伸直，在身前左右搖動。
一般_C,(ORDINARY_C),手在臉前左右搖動。
一起,(TOGETHER),雙手攤開，手指微彎，兩手相對，往內相合。
一週,(ONE WEEK),一手拇指、食指和中指伸直橫放，掌心向內；另一手食指伸直繞圈。
一塊,(TOGETHER),雙手攤開，手指微彎，兩手相對，往內相合。
一遍,(ONCE),一手食指指尖點另一手手心後向上拉起。
一樣,(SAME),雙手掌心向上，食指和姆指指尖重複捏起。
一模一樣_A,(IDENTICAL_A),雙手拇指食指指尖捏起成圈，雙手往中間移動相碰後手指彈開伸直。
一模一樣_B,(IDENTICAL_B),雙手拇指食指打開，兩手從肩膀處用力往下移動同時拇指食指捏起。
一模一樣_C,(IDENTICAL_C),雙手攤開，手指微彎，一手於另一手後方提起橫向移動放於身前。
一瞬間_A,(IN A FLASH_A),手掌心朝內，手掌彎曲，於眼前劃過。
一瞬間_B,(IN A FLASH_B),手張開在臉前迅速移動並變成食指伸直，其餘四指捏起。
一點,(FEW),五指略彎，姆指彈小指。
一點鐘,(ONE O'CLOCK),時間_A+一。
一竅不通,(KNOW NOTHING ABOUT),中指彎曲觸鼻。
一轉眼_A,(IN A FLASH_A),手掌心朝內，手掌彎曲，於眼前劃過。
一轉眼_B,(IN A FLASH_B),手張開在臉前迅速移動並變成食指伸直，其餘四指捏起。
丁,(TING(SURNAME)),一手食指伸直橫放，另一手食指在其下往下動後勾起，模仿「丁」的字形。
七,(SEVEN),姆指，食指和中指伸直，掌心向內放於身前。
七十,(SEVENTY),姆指、食指和中指捲曲，其餘握緊，放於身前。
九,(NINE),五指併攏放於身前。
九十,(NINETY),五指捲曲放於身前。
二,(TWO),食指和中指伸直放於身前。
二十,(TWENTY),食指、中指捲曲，其餘握緊，放於身前。
人_A,(PERSON_A),雙手食指伸直做"人"字形。
人_B,(PERSON_B),食指伸直在身前寫"人"字。
人工電子耳,(COCHLEAR IMPLANT),食指及中指伸直，在耳朵後方往下畫後，五指捲曲放於耳後。
入獄,(GET SENT TO PRISON),雙手握拳且手腕相靠，一起向前動。
入贅,(MARRY INTO AND LIVE WITH THE FAMILY OF HIS WIFE),一手小指伸直放於胸前，另一手拇指向內靠向小指。
八,(EIGHT),小指收起，其餘伸直，掌心向內放於身前。
八十,(EIGHTY),小指握緊，其餘捲曲，放於身前。
刀子,(KNIFE),雙手食指伸直斜向下，一手在另一手食指上重複往外擦。
十_N,(TEN_N),食指捲曲，其餘握緊。
十_S,(TEN_S),姆指，食指捲曲且指尖接觸放於身前。
十全十美,(PERFECT),雙手姆指和食指交叉成十字，一上一下擺在身前。
十萬_A,(ONE HUNDRED THOUSAND_A),食指捲曲，手腕重複向下轉動。
十萬_B,(ONE HUNDRED THOUSAND_B),十_N+萬。
又來了,(HERE WE GO AGAIN),姆指及食指伸直在鼻前將指尖重複捏起。
三,(THREE),食指、中指和無名指伸直，放於身前。
三十,(THIRTY),食指、中指和無名指捲曲，其餘握緊，放於身前。
三角形,(TRIANGLE),雙手食指和食指指尖相接，姆指和姆指指尖相接，合成三角形。
下,(DOWN),食指和姆指伸直往下移動。
下一個,(NEXT),食指伸直掌心朝下向旁翻轉成掌心朝上。
下午,(AFTERNOON),食指和中指伸直併攏，指尖朝下貼於額頭。
下台,(GO OFF STAGE),姆指伸直從另一手手背上往下移動。
下車,(GET OUT OF A CAR),姆指伸直從另一手手背上往下動。
下雨,(RAIN),雙手五指微彎，在身前重複向下動。
下個星期,(NEXT WEEK),手語"七"以食指碰太陽穴向下方移動。
下班,(GO OFF WORK),做+解散。
下課,(DISMISS THE CLASS),讀書+解散。
丈夫,(HUSBAND),結婚+男。
上,(UP),食指和姆指伸直往上移動。
上午,(MORNING),手握拳在頭旁邊向下一拉。
上台,(GO ON STAGE),姆指伸直，移動置於另一手手背上。
上車,(GET IN THE CAR),姆指伸直，移動置於另一手手背上。
上個星期,(LAST WEEK),手語"七"從身前往肩膀後方移動。
上班_A,(WORK_A),雙手握拳，重複上下對敲。
上班_B,(WORK_B),上+做。
上當,(DECEIVED),食指及小指伸直，其餘三指指尖捏住且碰鼻。
上銬,(PUT HANDCUFFS ON),一手食指微彎扣住另一握拳的手
上癮_A,(ADDICTED_A),五指捲曲在胸口處重複合起 。打法同「過癮_A」。
上癮_B,(ADDICTED_D),五指重複輕擦腰間。打法同「過癮_B」。
久,(LONG),雙手食指和姆指指尖捏起，在身體正前方向左右拉開。
也,(ALSO),雙手交叉，食指及拇指指尖捏起。
也許,(MAYBE),雙手掌心上下相對，四指捲曲，相扣後再重複打開。
乞丐_A,(BEGGAR_A),一手姆指與小指伸直在另一手手心上重複往內拉。
乞丐_B,(BEGGAR_B),一手五指指尖接觸成圈形，另一手重複拍圓圈處。
于,(YU (SURNAME)),一手比二橫放，掌心向內，另一手食指從其食指下畫‘J’形。
千_A,(THOUSAND_A),食指伸出寫"千"字。
千_B,(THOUSAND_B),小指伸直，其餘彎曲並指尖接觸放於身前。
口,(MOUTH),食指在口前繞圈。
口沫橫飛_A,(CHATTER BOX_A),五指伸直，由口處重複向前移動。
口沫橫飛_B,(CHATTER BOX_B),雙手五指伸直，由口處輪流重複向前移動。
口沫橫飛_C,(CHATTER BOX_C),一手五指伸直，重複指向另一伸直之姆指。
口哨,(WHISTLE),拇指及食指放嘴前吹氣。
口渴,(THIRSTY),手碰喉嚨往下移動 。
口罩,(MASK),用雙手姆指及食指在口前畫出口罩形狀。
土,(SOIL),姆指與其他四指摩擦。
士,(SCHOLAR),一手無名指和小指伸直，另一手食指伸直觸在其二指中，成"士"字形。
士林,(SHIHLIN (PLACE NAME)),五指併攏以小指輕碰脖子。
夕陽,(SUNSET),一手掌心朝下橫放於胸前，另一手姆指及食指捲曲從上往下動。
大,(BIG),雙手姆指食指伸直，在身體正前方向左右拉開。
大一,(FRESHMAN),大學+一年級。
大女人主義,(FEMALE  CHAUVINISM),一手小指伸直指尖向下，在另一伸直指尖向上姆指之上方。
大方,(GENEROUS),雙手五指伸直併攏手心相對，在心臟處往左右拉開。
大男人主義,(MALE CHAUVINISM),一手拇指伸直指尖向下，朝向小指伸直的另一手。
大約,(APPROXIMATELY),手在身前左右擺動，掌心向側邊。
大陸,(CHINA),雙手手指前後相疊上下搖動。
大象,(ELEPHANT),一手食指和姆指捏鼻，另一手拇指、小指伸直從其手臂中穿出繞圈動。
大量,(LARGE   AMOUNT),一手手心朝上，另一手在其上劃一弧狀。
大開眼界,(BROADEN HORIZON),雙手五指伸直從太陽穴處向左右兩側移動。
大廈_A,(BUILDING_A),雙手握拳一起往上移動並打開成五指張開 。
大廈_B,(BUILDING_B),一手併攏在另一手手心往上移動並打開成五指張開 。
大蒜_A,(GARLIC_A),一手五指捲曲放於另一手手肘處，接著雙手相拍如拍大蒜狀，最後以"臭"描述其特性。
大蒜_B,(GARLIC_B),手從口前向外動後，雙手相拍如拍大蒜狀。
大樓_A,(APARTMENT BUILDING_A),雙手握拳一起往上移動並打開成五指張開。
大樓_B,(APARTMENT BUILDING_B),一手併攏在另一手手心往上移動並打開成五指張開 。
大學,(COLLEGE),雙手食指伸直，在額頭前畫方帽狀。
女生,(FEMALE),小指伸直，左右輕搖。此手語打法與「女性」、「小姐」相同。
女同性戀,(LESBIAN),雙手小指相靠摩擦。
女兒,(DAUGHTER),一手姆指伸直，其餘四指包住另一手小指，小指抽出後搖動。
女性,(FEMALE),小指伸直，左右搖動。此手語打法與「女生」、「小姐」相同。
女性團體,(FEMALE GROUP),雙手小指伸直在胸前向內各畫半圈並相觸。
小,(LITTLE),一手比「二」，另一手食指伸直插入指縫。
小一,(FIRST GRADE),一手食指伸直，由另一手食指和中指間往外拉出。
小丑,(CLOWN),一手五指彎曲碰鼻。
小六,(SIXTH GRADE),一手食指伸直，由另一手食指和中指間往外拉出，姆指也同時伸直。
小心,(CAREFUL),雙手握拳，手腕交叉放身前，用力往內一拉。
小姐,(LADY),小指伸直，左右輕搖。此手語打法與「女性」、「女生」相同。
小孩,(CHILD),雙手手心向上，在肩上左右搖動。
小氣_A,(STINGY_A),小指在鼻邊重複彎動。
小氣_B,(STINGY_B),拇指及食指捏起，其餘伸直放在口前。
小偷,(THIEF),一手手心朝下，另一手食指彎曲從其下往內拉。打法同「偷竊」、「竊盜」。
小組,(GROUP),雙手指尖相觸，掌心向內，再分別往後畫半圓成掌根相觸。
小販,(VENDOR),雙手握拳，掌心相對，在腰旁往前推猶如推車狀。
小學一年級,(FIRST GRADE),一手食指伸直，由另一手食指和中指間往外拉出。
小學六年級,(SIXTH GRADE),一手食指伸直，由另一手食指和中指間往外拉出，姆指也同時伸直。
山,(MOUNTAIN),手在身前劃山狀。
山羊,(GOAT),雙手食指伸直先放於太陽穴處，再一手在下巴做摸鬍鬚狀。
山洞,(CAVE),一手四指彎曲和姆指成方形，掌心朝下；另一手姆伸直從其下方穿出。
川,(RIVER),食指、中指和無名指伸直，由上往下動模仿「川」字形。
工,(LABOR),一手食指捲曲，夾在另一手伸直的食指和中指中間。
工作,(WORK),雙手握拳，一手向下重複敲另一手。
工程師,(ENGINEER),工+計畫_A+師傅
工廠_A,(FACTORY_A),雙手姆指、食指和中指伸直，掌心相向交替繞圈。
工廠_B,(FACTORY_B),雙手五指伸直交叉 。
已經_A,(ALREADY_A),手向後往肩膀處移動。
已經_B,(ALREADY_B),以前+過
干涉,(INTERFERE),一手五指伸直張開，另一手五指伸直併攏，插入食指與中指的指縫。
才,(ONLY THEN),食指伸直，畫"才"字的最後一撇。
不,(NOT),五指伸直，掌心向外在身體前方搖動。
不一定,(INDEFINITE),雙手掌心上下相對，四指捲曲，重複上下相扣。
不一樣,(DIFFERENT),雙手食指和姆指指尖朝下捏起，轉成掌心向上且食指和姆指打開伸直。
不久,(IMMEDIATELY),雙手五指伸直，掌心相向，在身前迅速合掌。
不小心,(CARELESS),雙手握拳手腕交叉放身前，往外打開成五指伸直張開。
不介意,(NOT MIND),手從耳後向前一揮。
不分勝負_A,(EVEN_A),雙手姆指伸直在身前相對晃動。
不分勝負_B,(EVEN_B),雙手姆指伸直在身前用力一碰。
不及格,(FAIL),一手姆指伸直，另一手由其姆指上方壓下去。
不可以,(MAY NOT),食指伸直，在鼻前向下劃過。
不可能,(IMPOSSIBLE),食指在胸前重複由伸直彎起成捲曲。
不必,(DO NOT HAVE TO),雙手手指指尖相觸，向上拉起並合併成四指彎曲與姆指捏緊。
不用,(DO NOT NEED),雙手手指指尖相觸，向上拉起並合併成四指彎曲與姆指捏緊。
不同,(DIFFERENT),雙手食指和姆指指尖接觸成圈，其餘緊閉，由掌心向下轉成掌心向上，並且食指和姆指打開。
不在乎_A,(NOT CARE_A),手從耳後向前一揮。
不在乎_B,(NOT CARE_B),單手拇指、食指與中指伸直，掌心向外。食指輕點太陽穴後，手向側邊擺動。
不好,(NOT GOOD),五指捲曲捏起放於鼻前，向旁邊打開。
不好吃,(NOT DELICIOUS),吃+爛。
不好看,(BAD LOOKING),看+爛。
不好意思,(EMBARRASSED),手重複向下抓臉頰。
不行,(CAN'T),手握拳左右搖動。
不希罕,(NO BIG DEAL),姆指及中指指尖相碰其餘伸直，在鼻前向外打開成五指伸直。
不幸_A,(UNLUCKY_A),運氣+爛。
不幸_B,(UNLUCKY_B),運氣+不好。
不注意,(CARELESS),雙手握拳手腕交叉放身前，再往外伸，並打開手指。
不知不覺,(UNCONSCIOUSLY),食指碰太陽穴後往下移動同時將其他手指打開。
不知道_N,(DO NOT KNOW_N),五指伸直，指腹在胸前重複向上輕擦。
不知道_S,(DO NOT KNOW_S),手在胸前以指甲向下輕擦數次。
不肯,(NOT WILLING TO),手握拳，掌心向外，左右搖動。
不客氣,(MY PLEASURE),雙手重覆掌心向外推
不是,(NOT BE),食指及姆指伸直轉動。
不約而同_A,(HAVE THE SAME IDEA BY COINCIDENCE_A),雙手食指伸直先朝外同時快速轉成手心朝內。
不約而同_B,(HAVE THE SAME IDEA BY COINCIDENCE_B),雙手在胸前相碰合成五指彎曲且指尖接觸。
不要_N,(DO NOT WANT_N),食指和姆指捏喉嚨後，再向外打開。
不要_S,(DO NOT WANT_S),雙手指背相觸，再向前打開。
不要臉,(SHAMELESS),食指在臉頰重複向前畫 。
不屑,(DISDAIN (TO DO SOMETHING)),姆指及中指指尖相碰其餘伸直，在鼻前向外打開成五指伸直。
不能,(CAN NOT),手握拳，掌心朝外左右搖動。
不夠_A,(NOT ENOUGH_A),拇指和食指相觸成一圓圈，用手背打在另一掌心上後打開。
不夠_B,(NOT ENOUGH_B),夠_N+沒有
不夠_C,(NOT ENOUGH_C),手向下巴處移動合起收攏。
不清楚,(UNCLEAR),雙手掌心向內，一手在前，一手在後，雙手一前一後交錯移動，同時五指指尖相接合起。
不喜歡_N,(DISLIKE_N),食指和姆指指尖接觸成圈，從臉頰旁向外打開成五指伸直。
不喜歡_S,(DISLIKE_S),姆指和食指捏起在喉嚨處向外打開伸直。
不敢,(NOT DARE),手重複輕拍鼻子。
不敢吃,(NOT DARE TO EAT),吃+敵人。
不曾,(NEVER),姆指與中指捏起，其餘伸直在身前重複橫向轉動並打開成五指伸直。
不會_N,(UNABLE_N),一手拍另一手手背往內擦。
不會_S,(UNABLE_S),不+會_S
不過,(BUT),手掌心向外，轉成掌心向內。
不對,(INCORRECT),雙手食指伸直，上下相對，上食指往下碰另一手食指後往外擦出。
不管,(DISREGARD),手掌心朝下，由肩膀處往外劃出。
不認識,(UNFAMILIAR),四指彎曲且指背貼於臉頰，向前打開成五指伸直。
不曉得_N,(DON'T KNOW_N),五指伸直，指腹在胸前重複向上輕擦。
不曉得_S,(DON'T KNOW_S),五指伸直，指甲在胸前重複向下輕擦。
不謀而合_A,(TACIT UNDERSTANDING_A),雙手食指伸直先朝外同時快速轉成手心朝內。
不謀而合_B,(TACIT UNDERSTANDING_B),雙手在胸前相碰合成五指彎曲且指尖接觸。
不錯,(NOT BAD),姆指和小指伸直，前後搖動。
不懂_N,(DON'T KNOW_N),五指伸直，指腹在胸前重複向上輕擦。
不懂_S,(DON'T KNOW_S),五指伸直，指甲在胸前重複向下輕擦。
中_A,(MIDDLE_A),一手姆指、食指彎曲，另一手食指伸直放其上成"中"字形。
中_B,(MIDDLE_B),食指伸直放於口前 。
中午,(NOON),食指和中指向上伸直，擺在額頭中間。
中毒,(POISONED),一手五指張開中指彎曲，中指用力觸另一手手心。
中秋節,(MID-AUTUMN FESTIVAL),中_A+日出+號碼_A
中美洲,(CENTRAL AMERICA),中_A+美國+州
中風,(APOPLEXY),兩手於身前僵直，作中風狀
中國,(CHINA),雙手手指前後相疊上下搖動。
中壢_A,(ZHONLI_A (PLACE NAME)),中_A+歷史。
中壢_B,(ZHONLI_B (PLACE NAME)),先打「中_A」，食指伸直的手轉變成拇指與小指伸直。
丹麥,(DENMARK),麥_A+國
之前,(BEFOREHAND),一手在身前，掌心朝右，另一手五指捲曲沿著其手心往後拉。
互相,(MUTUAL),雙手交替拍，掌心朝下。
五_A,(FIVE_A),姆指伸直橫放於身前。
五_B,(FIVE_B),五指伸直放於身前。
五十,(FIFTY),姆指捲曲，其餘握緊。
五毛錢,(FIFTY CENTS),姆指捲曲放在口前，嘴吹氣。
仁,(BENEVOLENCE),一手拇指食指伸直食指向下，另一手食指中指伸直橫放，呈「仁」字形
什麼,(WHAT),食指向上伸直左右幌動。
仍然,(STILL),手從肩膀後方往前轉成掌心向外
今天,(TODAY),兩手掌心向下，向下一放。
介入,(INTERFERE),一手五指伸直張開，另一手五指伸直併攏插入食指與中指間指縫。
介紹,(INTRODUCE),一手姆指和食指伸直，另一手食指和中指伸直，兩手組合成"介"字形。
元旦,(NEW YEAR'S DAY),雙手食指伸直，一上一下橫放於胸前，同時往內一轉。
元宵節,(LANTERN FESTIVAL),提燈+節
允許,(WILLING),手握拳朝下重複點數次。
內,(IN),一手掌心朝內放於身前，另一手五指捲曲向下動。
內行_A,(EXPERIENCED_A),做+師傅
內行_B,(EXPERIENCED_B),技術+師傅
六,(SIX),姆指、食指伸直，放於身前。
六十,(SIXTY),姆指、食指捲曲，其餘握緊，掌心向外。
公,(PUBLIC),一手食指和姆指伸直，指尖向下；另一手食指和姆指指尖相觸成圈置其凹口之下，組合成「公」字。
公司,(COMPANY),一手姆指和食指伸直，另一手姆指和食指指尖捏起，向下打開伸直。
公共汽車_A,(BUS_A),公+車_A_N。
公務員_A,(PUBLIC SERVANT_A),公+家_A+男
公務員_B,(PUBLIC SERVANT_B),公+寫字+男
公費,(PUBLIC EXPENSE),一手姆指及食指伸直不動， 另一手姆指及食指捏緊在兩指中間向外拉。
公園,(PARK),雙手食指和姆指伸直相對並前後擺動。
公路局,(FREEWAY BUREAU),五指彎曲併攏朝後放於頭側。
分,(SEPARATE),雙手掌心向上，指背相靠再拉開。此打法與「分手」、「分別」、「分開」相同。
分手,(BREAK UP),雙手掌心向上，指背相靠再拉開。此打法與「分」、「分別」、「分開」相同。
分支機關,(BRANCH),一手五指微彎向下，一手五指捏緊重複向外拉。
分別,(SEPARATE),雙手掌心向上，指背相靠再拉開。此打法與「分」、「分手」、「分開」相同。
分配,(DISTRIBUTE),雙手五指捲曲併攏， 掌心向上，輪流向外動。
分期付款,(INSTALLMENT PAYMENTS),一手拇指食指接觸成圈，其餘三指伸直；在另一伸直食指上，重複向外轉動，同時拇指與食指打開。

分發,(DISTRIBUTE),雙手五指彎曲，一手不動，另一手重複向外動做發東西狀。
分開,(SEPARATE),雙手掌心向上，指背相靠再拉開。此打法與「分」、「分手」、「分別」相同。
勾引,(ATTRACT),一手姆指伸直，另一手食指伸直指向伸直的姆指，同時向內一動。
升級,(UPGRADING),一手五指伸直掌心向內，另一手掌心向上在指間以圓弧狀往上移動。
升旗,(RAISE A FLAG),一手食指伸直不動，另一手五指伸直在其指背往上移動。
及格,(PASS),一手掌心向上，另一手姆指伸直擊掌心後向上拉起。
反,(ANTI-),雙手指背相靠。
反省,(INTROSPECTION),一手食指和中指彎曲，掌心朝內，在另一手拇指伸直的手背前重複繞圈。
反覆_A,(CONTRADICT ONESELF_A),一手伸直在另一手手心重複翻來翻去 。
反覆_B,(CONTRADICT ONESELF_B),食指和中指伸直，在口前重複翻轉。
天,(SKY),五指伸直，從身體前方高處劃過。
天主教,(CATHOLICISM),指尖依序觸額、胸、左肩、右肩。
天空,(SKY),五指伸直，從身體前方高處劃過。
天花板,(CEILING),一手五指伸直併攏斜放於身體前不動，另一手五指伸直併攏手心朝下自其手腕處橫向移動。
天然,(NATURAL),食指點胸後往外打開成五指張開 。打法與「自然」相同。
太太,(WIFE),結婚+女生。
太陽,(SUN),五指指尖相接，從高處向下打開。
孔,(KUNG (SURNAMR)),雙手五指併攏、上下交疊，由下巴往下拉，做摸鬍子狀。
孔雀,(PEACOCK),一手姆指伸直不動，另一手五指伸直在其指背處轉一圈。
少,(FEW),拇指與小指重複彈開。
少年,(YOUTH),五指併攏在臉前向旁打開。
少囉唆,(NOT YOUR BUSINESS),長舌_A＋剪
尺,(RULER),一手握拳，手臂伸直向上，掌心朝後，另一手食指伸直，由其手腕處畫半圓到手肘處。
巴黎,(PARIS),五指伸直，指尖從胸前向下劃。雙手食指中指伸直併攏自兩側往上動至相碰。
引誘,(ATTRACT),一手姆指伸直，另一手食指伸直指向伸直的姆指，同時向內一動。
心_A,(HEART_A),雙手食指和姆指伸直，兩手指尖相接，放於胸前。
心_B,(HEART_B),食指直接點在心臟處。
心寬,(MAGNANIMOUS),雙手五指伸直併攏手心相對，在心處往左右拉開。
手,(HAND),食指指向另一手背。
手帕,(HANDKERCHIEF),一手五指伸直併攏重複擦口處 。
手術,(OPERATION),雙手食指和中指伸直併攏，做開刀狀 。
手電筒,(FLASHLIGHT),一手抓住另一手手腕處，被抓的那手從握拳張開成五指伸直。
手語,(SIGN LANGUAGE),雙手在身前相互轉圈圈。
手語名字,(NAMESIGN),手繞臉一圈，指背貼臉頰。
手錶,(WATCH),一手食指和姆指指尖相觸成圈形，其餘伸直，並將此手放在另一手手腕上。
支持,(SUPPORT),一手姆指伸直不動，另一手將其向外推開。
文,(WRITING),雙手虎口相碰。
文化,(CULTURE),雙手虎口相碰兩次，第二次時，兩手對調上下的位置。
文明,(CIVILIZATION),文化+進步
文盲,(ILLITERATE),五指伸直置於頭部上方向前煽動一次。
文雅,(ELEGANT),五指彎曲且姆指與其他四指相對成平行狀在口前往旁移動。
方,(FANG (SURNAME)),五指捲曲，掌心朝另一側放於身前。
日,(DAY),食指伸直，橫放在牙齒前。
日出,(SUNRISE),一手姆指及食指彎曲，置於另一手掌心朝下的手臂外側，由下往上動。


日本,(JAPAN),雙手食指和姆指伸直，掌心相對，雙手指尖相觸再拉開成姆指和食指捲曲，指尖相觸成圈。
日光燈,(FLUORESCENT LAMPS),白+管子+燈。
日期,(WHAT DATE),兩手一上一下，分別打"多少"。
日落,(SUNSET),一手姆指及食指彎曲，在另一手掌心朝下的手臂外側，由上往下移動。

日曆,(CALENDAR),雙手合掌後，指向上，一手再往上翻成掌心向下多次。
月,(MONTH),姆指和食指指尖接觸其餘握緊，向下打開畫弦月形再指尖接觸。
月亮,(MOON),姆指和食指指尖接觸，打開畫弦月形再指尖接觸。
木,(WOOD),雙手握拳，掌心相對，在手腕處相交叉並做圓狀的摩擦。
木瓜,(PAPAYA),一手直立，另一手四指彎曲輕拍其手腕一圈。
木匠,(CARPENTER),刨木頭+師傅
木頭,(WOOD),雙手握拳，掌心相對，在手腕處相交叉並做圓狀的摩擦。
欠,(OWE),食指伸直，中指彎曲，姆指尖壓於中指上，手往內拉。
欠債,(IN DEBT),錢+欠。
止,(STOP),一手用力放在另一手掌心上。
比較,(COMPARE),雙手食指伸直向上，掌心朝內，在胸前上下交替擺動。
比賽,(COMPETE),雙手姆指伸直向上，掌心相對，在胸前輪流上下移動。
毛_A,(MAO(SURNAME)),姆指和食指指尖相觸成圈，其餘伸直，掌心向內橫放；另一手食指從其中指往下再往右移動，組合成「毛」字。

毛_B,(HAIR_A),一手輕抓另一手的前手臂手毛處。
毛_C,(HAIR_B),一手抓另一手的小指後合起成五指彎曲且指尖接觸。
毛毯,(CARPET),一手手心朝下，另一手五指捲曲在其手背轉動。
毛筆,(WRITING BRUSH),一手姆指和小指伸直，另一手五指重複摸其小指。
水_N,(WATER_N),五指伸直重複向下甩。
水_S,(WATER_S),五指伸直在耳旁前後搖動。
水性楊花,(WANTON),一手拇指伸直，另一食指中指伸直在其內側對其轉動，同時兩手由一側移向另一側。
水果,(FRUIT),五指彎曲在臉頰旁重複繞圓。
水準,(DEGREE),雙手食指伸直且成垂直，一指在另一指指背上重複上下摩擦。
水餃,(DUMPLING),一手五指捏緊掌心朝上，另一手在其上重複捏起如包餃子狀。
火,(FIRE),雙手張開，掌心朝上，在胸前交替向外繞圈。
火大_A,(ANGRY_A),雙手食指伸直向上，掌心朝外，在太陽穴旁(重複)往上伸。
火大_B,(ANGRY_B),雙手四指捲曲，掌心向內，由下而上劃過身體的兩邊。
火車_N,(TRAIN (RAILWAY)_N),一手指向前橫放，另一手食指和中指伸直併攏，在其掌心旁，重複在原處繞圈。
火車_S,(TRAIN (RAILWAY)_S),一手臂伸出，橫放身前；另一手掌心向內，沿其手臂，往前移動。
火柴,(MATCH),一手姆指及食指捏起不動， 另一手姆指及食指捏起重複向前劃。
火速_N,(FAST_N),姆指及食指伸直往上動。
火速_S,(FAST_S),姆指及食指捏住彈開成姆指伸直。
火箭,(ROCKET),一手食指伸直向上，立於五指指尖相接成圈的另一手手背上，再上下拉開，同時在下之手五指打開。
火鍋,(HOT POT),火+夾菜。
火雞,(TURKEY),雞+孔雀。
父親,(FATHER),食指姆指伸直，食指碰觸臉頰後縮起剩下拇指伸直。
片,(CARD),雙手食指和姆指伸直相對，往兩邊拉開，再合成指尖相接，成長方形。
牙刷,(TOOTHBRUSH),食指伸直在口前重複左右動。
牙齒,(TOOTH),食指伸直指向牙齒。
牛,(COW),雙手姆指和小指伸直，雙手姆指放於太陽穴。
犬,(DOG),雙手姆指觸太陽穴，其餘四指重複向下彎動。
王,(WANG (SURNAME)),一手食指，中指，無名指伸直橫放，掌心向內，另一手食指放置其中，形成「王」字。
世界,(WORLD),雙手掌心相對，手腕重複向下並水平移動。
主,(MAIN),一手食指，中指和無名指伸直橫放，掌心向內，另一手食指伸直置其中成"主"字形。
主任,(CHIEF),主+負責_B。
主要,(MAIN),一手食指、中指和無名指伸直橫放，另一手食指伸直組合成"主"字形。
主席,(CHAIRMAN),主＋上台。
乏味_A,(DULL_A),一手姆指伸直不動，用另一手姆指重複碰它並向下移動。
乏味_B,(DULL_B),五指張開，姆指碰胸前往下畫。
乏味_C,(DULL_C),姆指、食指及中指伸直在太陽穴處轉動。
以色列,(ISRAEL),吝嗇_B+國
以往,(PAST),手掌攤開，在肩膀處朝後動。此打法與「以前」相同。
以前,(PAST),手掌攤開，在肩膀處朝後動。此打法與「以往」相同。
以後_A,(FUTURE_A),一手拍另一手掌心，再往前移動。

以後_B,(FUTURE_B),手向前推。
付帳,(PAY),雙手食指和拇指接觸成圈，其餘伸直，從腰側以圓弧狀往前移動。
付錢,(PAY),雙手食指和拇指接觸成圈，其餘伸直，從腰側以圓弧狀往前移動。
仔細,(DETAILED),雙手姆指及小指捏起，其餘捲曲，兩手姆指小指相碰後，一手向下拉開。
他_A,(HE_A),食指指向他方。
他_B,(HE_B),食指指向另一手姆指。
他倆,(THEY TWO),食指和中指伸直，指向他方擺動。
他們,(THEY),食指指向外邊並繞圈。
他們兩個,(THEY TWO),食指和中指伸直，指向他方擺動。
代替,(SUBSTITUTE),雙手姆指伸直，在身體前面更換位置。
兄,(OLDER BROTHER),中指伸直觸頰，再往上伸。
冊,(VOLUME_B),一手四指伸直朝下不動，另一手食指伸直朝其橫向一畫。
冬天,(WINTER),雙手握拳在胸前抖動。
出,(EXIT),雙手食指、中指和無名指伸直，掌心向前，一手指尖分別觸另一手指根上，形成「出」字。。
出乎意料,(UNEXPECTEDLY),手掌心朝下，指尖朝內，於眼前劃過。
出生,(BIRTH),一手姆指伸直，抓住另一手姆指，姆指從其握拳處拉出。
出事,(HAPPEN),雙手五指捲曲且指尖接觸， 掌心向上，雙手相碰後向上打開成五指伸直張開。
出版_N,(PUBLISH_N),一手握拳，重複敲打另一手手臂。
出版_S,(PUBLISH_S),一手握拳，在另一手手心向外劃出。
出軌,(DERAIL),雙手食指中指微勾，一手疊在另一手上方往外動並自側面滑落。
出爾反爾_A,(CONTRADICT ONSELF_A),一手伸直在另一手手心重複翻來翻去 。
出爾反爾_B,(CONTRADICT ONSELF_B),食指和中指伸直，在口前重複翻轉。
出獄_A,(BE DISCHARGED FROM PRISON_A),雙手握拳相對，手腕由相觸到打開。
出獄_B,(BE DISCHARGED FROM PRISON_B),雙手四指微彎，手掌由內側往外放。
加,(ADD),雙手握拳，一手不動，另一手虎口朝下與其相碰。
加(汽)油,(FUEL UP),一手握弧擬作油箱，另一手姆指食指伸直朝弧內移動，如車子加油狀。
加入_A,(JOIN_A),一手掌心朝下不動，另一手拇指伸直移至另一手掌心下方。
加入_B,(JOIN_B),一手掌心朝上不動，另一手食指伸直移至另一手掌心內。
加油,(MAKE AN EXTRA EFFORT),一手握拳朝身體重複動。
加油站,(GAS STATION),加油+處。
加倍,(DOUBLE),雙手食指伸直，一手向另一手移動相疊。
包,(WRAP),一手握拳，另一手將其包起。
包子,(STEAMED STUFFED BUN),一手打開略成圓形置於下方，另一手在其上方作捏包子狀。
包括,(INCLUDE),包+內。
北,(NORTH),雙手食指和姆指伸直，掌心向內相觸。
北投_A,(BEITOU_A (PLACE NAME)),北+洗澡。
北投_B,(BEITOU_B  (PLACE NAME)),北+投票。
北美洲,(NORTH AMERICA),北+美國+州。
北極,(THE NORTH POLE),一手握拳掌心朝下，另一手食指指其手背。
半,(HALF),一手食指伸直橫放，另一手在其食指中間，往下劃一次。
卡車,(TRUCK),運輸+車。
去_A,(GO_A),姆指伸直向前移出。
去_B,(GO_B),食指伸直向前移出。
去年,(LAST YEAR),一手食指和姆指指尖接觸成圈形，另一手食指伸直碰其指尖，向肩後一指。
去掉,(DELETE),一手姆指及中指捏起其餘指頭伸直，在另一手手心向外彈出。
可以,(MAY (ALLOW)),小指指尖碰觸下巴。
可是,(BUT),掌心向外，轉成掌心向內。
可能,(POSSIBLE),雙手掌心上下相對，重複相碰。
可惜,(PITY),珍惜+浪費。
可憐,(FEEL SORRY FOR YOU),雙手姆指及食指在臉前重複捏起。
古,(ANCIENT),食指伸直，在額頭處往外翻轉到頭上。
古老,(ANCIENT),食指伸直，在額頭處往外翻轉到頭上 。
古時候,(ANCIENT),食指伸直，在額頭處往外翻轉到頭上。
右,(RIGHT),左手拍右手臂。
司空見慣,(COMMON OCCURRENCE),‘四’在身前向臉動，並由食指開始依序合起成握拳。
叫,(CALL),姆指和食指捲曲在嘴巴前向前動。
另外,(BESIDES),一手掌心朝內，另一手手背與其相靠再往外一伸。
只,(ONLY),一手掌心朝內橫放身前，另一手在其內，食指伸直向下，轉成指尖朝上。
只有一個,(ONLY ONE),食指伸直在口前向上轉動。
史,(HISTORY),雙手姆指和小指伸直，分別往上下拉開。
台中_A,(TAICHUNG_A (PLACE NAME)),一手食指和姆指伸直不動，另一手食指垂直放於其上，同時中指和姆指重複彈開。
台中_B,(TAICHUNG_B (PLACE NAME)),食指垂直放於口前，同時中指和姆指重複彈開。
台北,(TAIPEI (PLACE NAME)),雙手姆指和食指伸直，掌心朝內，重複相碰。
台南_A,(TAINAN_A (PLACE NAME)),姆指和食指捏起在鼻旁重複開合。
台南_B,(TAINAN _B (PLACE NAME)),手朝下在下巴處重複往下動。
台灣,(TAIWAN),手握拳，在口前手腕轉動。
四,(FOUR),姆指緊貼掌心，其餘伸直放於身前。
四十,(FORTY),姆指緊貼掌心，其餘捲曲。
四周,(ENVIRONMENT),一手五指捲曲掌心朝下不動，另一手也是五指捲曲在其周圍重複向下放。
囚禁,(IMPRISON),雙手握拳且手腕相靠，一起向前動。
外面,(OUTSIDE),一手掌心朝內，另一手手背與其相靠再往外一伸。
外國,(FOREIGN COUNTRY),外面+國家。
外遇,(HAVE AN AFFAIR),食指先點於眼睛下方，往外拉並同時伸出中指。
央,(CENTER),食指中指捲曲放下巴 。
失約,(FAIL TO KEEP AN APPOINTMENT),雙手小指上下相勾後鬆開。
失掉,(LOSE),雙手攤開，掌心相對，並在胸前交叉且握拳。
失敗,(FAIL),一手姆指伸直，另一手由其姆指上方壓下去。
失望,(DISAPPOINTED),食指捲曲，於額頭往下動。
失蹤,(DISAPPEAR),雙手攤開，掌心相對，並在胸前交叉且握拳。
奶_N,(MILK_N),掌心向上，在胸旁重複開合。
奶_S,(MILK_S),食指捲曲觸嘴，口做吸吮狀。
奶奶,(GRANDMOTHER),食指捲曲且小指伸直，食指觸頰後往上移動兩次。
尼姑,(NUN),佛+女
左,(LEFT),右手拍左手臂。
左右,(APPROXIMATELY),手在身前左右擺動。
市,(CITY),雙手指尖相觸，往外移動。
市長,(MAYOR),市+領袖。
布_A,(CLOTH_A),雙手張開，掌心朝下，相疊再重複摩擦。
布_B,(CLOTH_B),雙手五指微微捲曲，掌心相對重複向前滾。
布袋戲,(PUPPET SHOW),雙手的姆指中指彎曲食指伸直，兩手在胸前來回移動，同時手腕轉動。
平凡_A,(ORDINARY_A),雙手掌心朝下，食指伸直重複相碰。
平凡_B,(ORDINARY_B),手在臉前左右搖動。
平分秋色_A,(EVEN_A),雙手姆指伸直在身前相對晃動。
平分秋色_B,(EVEN_B),雙手姆指伸直在身前用力一碰，並向下移動。
平交道,(ROAD JUNCTION),雙手食指伸直向上，掌心朝內，兩手作四分之一弧向內交叉。
平均_A,(DIVIDE_A),一手食指伸直橫放，另一手食指伸直在其上下各點一次成"÷"形。
平均_B,(DIVIDE_B),一手食指伸直橫放，另一手食指和姆指伸直，分別置於其上下方。
平靜,(QUIET),雙手掌心朝下相疊，再往兩側拉開。
幼稚,(CHILDISH),五指彎曲在下巴處重複合起。
幼稚園,(KINDERGARDEN),雙手五指伸直交叉於胸前並拍肩膀 。
必定,(DEFINITE),雙手掌心上下相對，四指捲曲，用力相扣。
打,(HIT),一手姆指和小指伸直，另一手食指伸直，敲於其指背上。
打小報告,(SNITCH),一手掌心朝下，橫放在胸前，另一手握拳在其下方，往前移動，同時五指張開。


打手語,(SIGN),雙手張開相互轉圈圈。
打仗,(WAR),雙手五指伸直張開，雙手手指相碰且前後交錯動。
打字,(TYPEWRITE),雙手五指重複向下敲打如打鍵盤狀。
打岔,(INTERRUPT),一手五指伸直張開，另一手五指伸直併攏插入其指縫。
打哈欠,(YAWN),五指伸直置於口前作打哈欠狀。
打架,(FIGHT),雙手握拳，掌心朝內，指背重複相碰。
打盹,(DOZE),姆指與食指在眼前重複合起。
打破,(BREAK),雙手握拳，掌心朝下，一碰再翻成掌心相對。
打針,(HAVE AN INJECTION),姆指及食指伸直碰另一手手臂，如打針狀。
打掃,(CLEAN OUT),雙手握拳上下相疊，重複上下動。
打麻將_A,(PLAYINH MAHJONG_A),雙手掌心向下交替繞圈，如麻將洗牌狀。
打麻將_B,(PLAYING MAHJONG_B),拇指、食指與中指相對摩擦，如摸牌狀。
打牌,(PLAYING POKER),一手在另一手手心重複拉回，作洗牌狀。
打開,(OPEN),雙手四指伸直併攏，拇指合起，掌心朝下相碰後，掌心翻轉朝上。
打賭_A,(BET_A),雙手姆指和食指接觸成圈，其餘三指伸直。雙手拇指和食指重複相碰。
打賭_B,(BET_B),雙手五指彎曲且姆指與其他四指平行掌心相對一放。
扔掉,(THROW AWAY),五指指尖相接成圈，往外打開。
扒手,(PICKPOCKET),食指和中指相疊，由下往上作拎起狀。
本來,(ORIGINAL),雙手姆指與食指伸直，分別在肩膀處，往下移動並同時合起。
未,(NOT YET),手掌心朝內，四指向下，上下重複幌動。
未來_A,(FUTURE_A),一手拍另一手掌心，再往前移動。
未來_B,(FUTURE_B),掌心向外向前推。
未曾,(NEVER),姆指與中指捏起，其餘伸直在身前重複打開。
未遂,(CAN'T DO),姆指與中指捏起，在鼻前重複打開。
末,(LAST),食指伸直，在另一手手肘處擺動。
正,(JUST),雙手掌心相對，由雙耳旁向前移動。
正式,(FORMAL),是+正。
正確,(CORRECT),雙手食指伸直，一手從上向下碰另一手指。
母親,(MOTHER),食指小指伸直，食指觸右頰，向旁移動後後食指收起。
民族,(RACE),雙手姆指小指伸直，雙手相碰向下劃圓後再相碰。
永遠,(FOREVER),雙手食指和姆指指尖相觸成圈，雙手指圈碰觸後，再向左右拉開。
玉米,(CORN),一手五指彎曲放口前左右轉動 。
瓜,(MELON),雙手五指微彎，掌心相對，雙手往左右拉開。
瓜子,(WATERMELON SEEDS),姆指食指捏緊放嘴前做吃瓜子狀。
生,(BIRTH),一手姆指伸直，抓住另一手姆指，姆指從其握拳處拉出。
生的,(RAW),煮+還沒
生氣_A,(ANGRY_A),雙手食指伸直在太陽穴旁往上動。
生氣_B,(ANGRY_B),雙手五指捲曲碰胸後向上拉起。
生病,(SICK),手背貼於額頭。
生意,(BUSINESS),雙手食指拇指捏起，分別前後擺動。
用,(USE),一手拇指和食指捏起，從另一手掌心中向外擦出。
用功,(INDUSTRIOUS),一手握拳，另一手抓其上臂肌肉處，拳緊握，且手臂彎曲。
田,(FIELD),雙手食指，中指和無名指伸直，掌心相對，相疊成「田」字形。
白,(WHITE),食指伸直觸牙。
白費_A,(IN VAIN_A),姆指及食指彎曲沿著另一手手臂向下劃。
白費_B,(IN VAIN_B),食指伸直沿著另一手手臂向下劃。
白費_C,(IN VAIN_C),白+白費_A。
皮,(SKIN),一手食指捲曲和姆指一起捏另一手手背。
目的,(GOAL),一手握拳，另一手食指伸直朝其移動並碰之。此打法與「目標」相同。
目標,(GOAL),一手握拳，另一手食指伸直朝其移動並碰之。此打法與「目的」相同。
石頭,(STONE),五指捲曲，手掌貼於臉頰。
示範,(DEMONSTRATE),食指伸直點著另一手手心，並將手心向外翻轉成手心朝外。
立刻,(IMMEDIATELY),雙手五指伸直，掌心相向，在身前迅速移動合掌。
丟,(THROW AWAY),五指指尖相接成圈，往外打開。
丟臉,(LOSE FACE),手抓臉後向下丟。
乒乓球,(PING-PONG),一手五指捲曲且指尖相觸，另一手五指伸直併攏拍之。
交易,(TRANSACT),雙手食指拇指捏起，分別前後擺動。
交通,(TRAFFIC),雙手手指伸直，在身前重複交叉而過。
交際,(COMMUNICATION),雙手掌心朝上，互相繞圈。
休息,(REST),雙手掌心朝上，輕敲腰兩側。
休假,(VACATION_B),放假+休息
任意,(WHATEVER),雙手食指伸直向上，輪流輕敲胸前。
企圖,(ATTEMPT),想+研究B。
光,(BRIGHT),雙手拇指、食指捏起，兩手相碰後打開。
光了_A,(ALL GONE_A),一手手心朝上不動，另一手五指伸直併攏拍手心後向外動。
光了_B,(ALL GONE_B),一手手心朝上不動，另一手食指捲曲碰手心後往後拉。
光棍_A,(BACHELOR),一手姆指伸直，另一手在拇指上方繞圈。
光棍_B,(BACHELOR),一手"錢"套到另一手姆指。
光榮,(GLORY),手握拳放於臉前，然後打開成五指伸直。
兇,(FIERCE),姆指食指及中指捲曲在口前用力向外一動。
先生,(MR.),姆指伸直，左右擺動。
全,(ALL),雙手相碰後，往下各畫半圓再相碰。
全台灣_N,(THE WHOLE TAIWAN_N),一手拇指食指相觸，另一手在其上繞圓抓起。
全台灣_S,(THE WHOLE TAIWAN_S),一手拇指及小指伸直，另一手在其上繞圈抓起。
共同,(TOGETHER),雙手攤開，手指微彎，兩手相對，往內相合。
再,(AGAIN),食指和中指伸直，向下甩。
再見,(GOOD BYE),雙手食指伸直相對，拉開成食指捲曲。
冰,(ICE),食指伸直在口前轉動。
冰淇淋,(ICE CREAM),手握拳放在嘴巴前，伸舌做舔狀。
冰箱,(REFRIGERATOR),先雙手握拳，左右擺動似抖顫狀，再一手由外向內拉，做拉門狀。
刑,(XING(Chinese Surname)),雙手食指中指伸直，一手橫放，另一手在其內側由上往下劃
刑警,(CRIMINAL POLICE),雙手拇指、食指及中指伸直，掌心向下，一手在另一手上，雙手重複收起食指與中指。

划,(ROW),雙手握拳先向前動再往後拉如划船狀 。
划不來,(NOT WORTHWHILE),五指捲曲在口前往外拉。
印尼,(INDONESIA),印章+國。
印刷_A,(PRINTING_A),一手握拳重複敲打另一手手臂。
印刷_B,(PRINTING_B),一手握拳，在另一手手心向外劃出。

印度,(INDIA),雙手相疊在額頭前，右手再翻轉成掌心朝上放於頭上。
印第安人,(INDIAN),一手輕拍嘴巴，另一手食指中指伸直放後腦杓。
印章,(SEAL),一手姆指、食指及中指合起，重複觸碰另一手掌心。

危險,(DANGER),五指捲曲，重複敲胸前。
同,(TOGETHER),雙手攤開，手指微彎，兩手相對，往內相合。
同意_A,(AGREE_A),想+一樣。
同意_B,(AGREE_B),想+肯。
同學,(CLASSMATE),一起+學生。
吊車,(HOIST),一手掌心向下，拇指與四指平行相對，另一手食指成勾狀在其前方往上吊。
吊橋,(SUSPENSION BRIDGE),雙手食指及中指伸直在身前相碰後左右向上拉開。
吐,(VOMIT),手拍胸後再往前翻。
各,(EVERY),一手食指伸直，手背重複拍打另一手手心。
各式各樣,(VARIOUS),雙手姆指及食指伸值，分別向左右拉開同時手腕轉動。
向,(TOWARDS),雙手掌心相對。
名片,(NAME CARD),食指和姆指彎曲，從胸前口袋處移出。
名字_N,(NAME_N),姆指伸直碰另一手手掌心。
名字_S,(NAME_S),食指和姆指伸直，橫放於胸前。
名產,(SPECIALTY GOODS),東西+有名_B。
名譽,(REPUTATION),名字_N+光榮。
合,(TOGETHER),雙手攤開，手指微彎，兩手相對，往內相合。
吃,(EAT),五指尖接觸，重複碰觸嘴巴。
吃光,(EAT UP),一手手心朝上不動，另一手食指捲曲碰手心後往後拉。
吃飯,(DINE),一手在嘴巴前做扒飯狀(另一手可以接近下巴做持碗狀)。
吃飽了,(FULL (TO EAT TILL FULL)),雙手掌心朝內，由肚子往外平行推出。
吃虧,(SUFFER LOSSES_B),五指捲曲在口前往外拉。
吃驚,(STARTLE_A),五指捲曲碰胸前，且身體也同時往後一動。
因為,(BECAUSE),雙手姆指和食指指尖接觸成圈狀並相扣，其餘伸直。由上往下拉。
回家_A,(GO HOME_A),家_A+離開。
回家_B,(GO HOME_B),家_B+離開。
回答,(ANSWER),雙手食指和姆指捲曲在口前相碰，再向前送出。
地,(LAND),姆指與其他四指摩擦。
地下道,(UNDERGROUND PASSAGE),一手掌心向下，另一手食指中指作走路狀於其下方走過。
地方,(PLACE),五指彎曲分開往下放。
地瓜,(SWEET POTATO),地+瓜。
地址_A,(ADDRESS_A),一手食指和中指捲曲，重複敲另一手伸直併攏的食指和中指上。
地址_B,(ADDRESS_B),住+號碼_A。
地址_C,(ADDRESS_C),房子+號碼_B。
地址_D,(ADDRESS_D),房子+號碼_A。
地理,(GEOGRAPHY),地+整理。
地毯,(CARPET),一手手心朝下，另一手五指捲曲在其手背轉動。
地震,(QUAKE),雙手張開，掌心朝下，在身前震動。
在,(AT),雙手握拳向下放。
在家閒晃,(STAY AT HOME IDLY),一手掌心朝斜下方，另一手拇指小指伸直在其下方繞動
多,(MANY),雙手掌心向上向兩邊做波浪形拉開。
多才多藝_A,(VERSATILE_A),食指伸直點胸後，往旁移動並且將中指伸直，然後再點胸一次。
多才多藝_B,(VERSATILE_B),食指及中指伸直碰胸，並往旁再點一次。
多少,(HOW MANY),姆指緊貼掌心，其餘伸直，由食指依序彎起。
多次,(MANY TIMES),一手五指伸直，由上而下依序彎起手指。
多的是,(SUFFICIENT_A),姆指小指伸直，姆指重複點胸口。
多長?,(HOW LONG),長+多少
多重?,(HOW MUCH WEIGHT),重+多少
多遠?,(HOW FAR),短+長+短+長
奸細_A,(SPY_A),姆指貼於掌心，掌心朝左，先觸左胸再移至右胸處。
奸細_B,(SPY_B),手貼於一側嘴角，再貼於另一側嘴角。
好,(GOOD),手握拳碰鼻。
好不好,(HOW ABOUT),姆指與小指輪流重複彎動。
好心,(KIND_B),心_A+棒_A。
好吃_A,(DELICIOUS_A),吃+珍惜。
好吃_B,(DELICIOUS_B),吃+棒_A。
好多,(A LOT),雙手握拳相對，向下動作時同時將手打開。
好色,(LUSTFUL),用舌頭舔一手小指側邊。
好奇,(CURIOUS),雙手食指捲曲分別碰兩頰向外摩擦移動。
好險,(FORTUNATELY),一手碰額頭後向外揮出 。
她,(SHE),食指指向另一手小指。
如同,(SIMILAR),雙手食指、姆指彎曲指尖相對，在身前輕搖。
如果,(IF),四指指尖觸臉頰，上下擺動。
字,(CHINESE CHARACTER),五指指尖相觸成小圈狀，碰另一手掌心。
字典,(DICTIONARY),雙手指尖相碰，姆指在上，姆指重複打開成水平。
存錢_A,(SAVE MONEY_A),一手掌心向內，橫放於胸前。另一手拇指和食指接觸成圈，其餘三指伸直，重複在其虎口處往下移動。


存錢_B,(SAVE MONEY_B),一手"錢"放於另一手手心上後，'錢'往上拉。
守,(WAIT_B),拇指、食指和小指伸直，放於身體一側。
守時,(PUNCTUAL),時間_A+服從。
守衛,(GUARD),檢查+守
守舊,(CONSERVATIVE_A),食指在頭上往前動 。
安排,(ARRANGE),雙手指尖向前，掌心相對，由一側移到另外一側。
安慰,(COMFORT (MAKE TO FEEL BETTER)),一手姆指伸直不動，另一手五指伸直碰其指背重複劃下。
安撫,(COMFORT),一手姆指伸直不動，另一手五指伸直碰其指背重複劃下。
安靜,(QUIET),雙手掌心朝下相疊，再往兩側拉開。
州,(CONTINENT),雙手食指，中指和無名指伸直並相插似"州"字。
年,(YEAR),一手食指和姆指捏起，另一手食指繞一圈後碰指尖。
年老,(AGED),手向額頭處移動並同時將手指併攏。
年長,(AGED),手向額頭處移動並同時將手指併攏。
年紀,(AGE),在下巴處，姆指緊貼掌心，其餘伸直，由食指依序彎起。
年輕,(YOUNG),五指併攏在臉前向旁打開。
年齡,(AGE),在下巴處，姆指緊貼掌心，其餘伸直，由食指依序彎起。
式,(STYLE),姆指、食指和中指伸直，在胸前水平移動。
忙,(BUSY),雙手放在肩膀上，肩膀輪流上下搖動。
忙碌,(BUSY),雙手五指捲曲在肩膀上，肩膀輪流上下搖動。
成功,(SUCCEED),雙手掌心朝下，一手從另一手下方移到其手背上。
成立,(ESTABLISH),雙手五指捲曲成方形，掌心相對，在胸前往下一放。
成長,(GROW UP),一手掌心朝下，在胸前往上移動。
成績,(GRADES),雙手無名指伸直重複搖動。
扣,(SUBTRACT),雙手掌心朝內，指尖相對。一手手臂由上而下在另一手手掌心內一擦而過。
收到,(RECEIVE),雙手掌心朝上，由外向身體移動。
收信_N,(RECEIVE A LETTER_N),一手食指和中指伸直，置於另一手食指與中指之間，並由其間往身體移動。
收信_S,(RECEIVE A LETTER_S),雙手食指和中指伸直，掌心向內，指尖相疊且向內移入。
收集,(COLLECT),雙手在身前輪流向內合起，成五指彎曲且指尖接觸。
收據,(RECEIPT),收到+證明。
早上,(MORNING),手握拳在頭旁往下拉。
有,(HAVE),手五指伸直向前一推。
有名_N,(FAMOUS_N),一手姆指伸直貼於另一手手心，一起向外動。
有名_S,(FAMOUS_S),手放胸前，掌心朝側邊， 往外拉。
有沒有,(HAVE NOT HAVE (INTERROGATIVE)),手掌心向前，重複開合。
有面子,(HONORABLE),雙手拇指食指伸直從臉部兩側往外放。
有時,(SOMETIMES),食指伸直，其餘三指與拇指重複碰觸，在胸前向身體另一側移動。
有意,(ON PURPOSE),雙手食指伸直相碰交互前後動。
有錢,(RICH),雙手姆指和食指指尖相接成圈，其餘伸直，掌心相對，姆指、食指重複彈開。
死背,(LEARN BY ROTE),雙手合起，一手五指微彎放於頭上方。
汗,(SWEAT),雙手攤開，中指在太陽穴重複往下擦。
池,(POND),一手掌心朝內，另一手掌心朝上，在其與身體間指頭抖動繞圈做流水狀。
污染,(POLLUTE),髒+傳染。
灰,(GRAY),姆指，食指和中指伸直，姆指觸鼻旁，其餘二指幌動。
灰心,(DISCOURAGED),五指彎曲放於胸前向下拉並合起 。
百_A,(HUNDRED_A),食指伸直，指尖先朝下轉成朝上。
百_B,(HUNDRED_B),食指在身前彈出伸直。
百_C,(HUNDRED_C),姆指、食指和中指指尖接觸，其餘伸直，掌心向外。
竹子_N,(BAMBOO_N),雙手中指和姆指指尖相接，其餘伸直；一手食指放於另一手的掌心內成上下一直線，中指姆指重複彈開。
竹子_S,(BAMBOO_S),雙手姆指和食指指尖相接，其餘伸直，上下置於胸前並分別上下移動，同時指尖重複開合。
米,(RICE),一手姆指及食指捏緊，另一手食指重複碰其指尖。
羊,(SHEEP),雙手食指伸直放於太陽穴旁，再抓下巴做鬍鬚狀。
老虎,(TIGER),姆指、食指和中指捲曲，在下巴處向上翻成掌心向外。
老是,(ALWAYS),姆指食指伸直在臉前合起成指尖相碰。
老師_N,(TEACHER_N),姆指觸胸，其餘四指重複晃動。
老師_S,(TEACHER_S),姆指食指伸直，食指重複上下擺動。
老鼠,(MOUSE),姆指、食指和中指伸直，姆指碰鼻，其餘二指幌動。
老實,(SIMPLEMINDED),雙手五指收攏，分別在腰際處與胸上相觸。
考_N,(TEST_N),雙手姆指直立在胸前交替上下擺動。此打法與「考試_N」相同。
考_S,(TEST_S),雙手握拳在手腕處交叉，同時重複轉動。此打法與「考試_S」相同。
考試_N,(TEST_N),雙手姆指直立在胸前交替上下擺動。此打法與「考_N」相同。
考試_S,(TEST_S),雙手握拳在手腕處交叉，同時重複轉動。此打法與「考_S」相同。
而且,(AND ALSO),食指和中指伸直往下畫"∥"形，再向右畫"═"形。
耳朵,(EAR),食指與姆指一起捏住耳朵。
耳塞,(EARPLUG),雙手五指相接，在耳側轉動。
耳罩,(EAR COVERING),雙手手指微微打開略成圓，罩住耳朵。
耳環,(EARRING),雙手拇指和食指接觸成圈，其餘三指伸直，分別捏住兩耳 。
肉_A,(MEAT_A),一手姆指及食指輕捏另一手手虎口。
肉_B,(MEAT_B),一手拇指及食指輕捏另一手手背。
肉圓,(TAIWANESE MEATBALLS),一手掌心向上，另一手於其上方作剪肉圓的動作。
自大_A,(ARROGANT_A),五指指尖彎曲觸鼻後稍微往上提。
自大_B,(ARROGANT_B),雙手姆指食指伸直，食指重複輪流點胸前並縮起食指。
自己_N,(SELF_N),食指伸直重複輕敲另一側胸前。
自己_S,(SELF_S),食指伸直，重複向上輕擦胸前。
自由,(FREE),雙手食指伸直，輪流輕敲胸前。
自立自強,(SELF_SUPPORTING),自己_N+雙手握拳輪流前後動。
自行車_A,(BICYCLE_A),雙手握拳，一前一後，重複向前轉動。
自行車_B,(BICYCLE_B),雙手食指和姆指捲曲，兩手姆指和食指相接，掌心朝下，重複向前推。
自然,(NATURAL),食指點胸後，打開成五指張開 。
舟,(BOAT),雙手掌心朝上，相併成船形，往外做飄浮狀。
血_A,(BLOOD_A),一手四指捲曲，貼於掌心，掌心向下，放在另一手的食指上，形成"血"字形。
血_B,(BLOOD_B),一手食指觸摸嘴唇表示紅色，之後手指張開，在另一手手背前往下移動。
血型,(BLOOD TYPE),紅_N+耳+A+B+C。
行,(WALK_B),雙手食指和中指伸直朝下，交替前後動同時手指擺動。
行李,(LUGGAGE),雙手握拳，在腰旁做提行李狀。
行走,(WALK_A),食指和中指伸直朝下，雙指前後輪流動向前做走路狀。
衣服,(CLOTHES),食指和姆指將衣服拉起一角。
西,(WEST),雙手食指和姆指伸直，食指指尖向下，掌心向內並列並往右下角垂下。
西瓜,(WATERMELON),雙手姆指和小指伸直，掌心朝內，小指相觸，放在嘴巴前，做吃西瓜狀。
西班牙,(SPAIN),雙手姆指和小指伸直，姆指碰觸口的兩邊；再在右腰下雙手食指和姆指指尖接觸似抓‘紅布’之手勢（鬥牛）。
西裝,(SUIT),雙手姆指伸直向上，掌心向內，向前翻轉成雙手掌心相向。

西餐,(WESTERN STYLE FOOD),兩手食指及中指都伸直併攏，一手作切肉狀。
住,(LIVE),一手握拳，指背貼於太陽穴處，手肘撐於另一手手背上。
住址_A,(ADDRESS_A),手食指和中指捲曲，重複敲另一手伸直併攏的食指和中指上。同「地址_A」。
住址_B,(ADDRESS_B),住+號碼_A。同「地址_B」。
住址_C,(ADDRESS_C),房子+號碼_B。同「地址_C」。
住址_D,(ADDRESS_D),房子+號碼_A。同「地址_D」。
伴,(ACCOMPANY),一手食指伸直不動，另一手食指伸直向其移動後相碰。
佛教,(BUDDHISM),一手姆指，中指和無名指指尖相接橫放，另一手食指伸直，重複輕敲其中指。
佔據,(OCCUPY),拇指伸直，用力放於另一手手背上。
似乎,(SIMILAR),雙手食指彎曲和姆指指尖相對，掌心向上，在身體前畫半圓。
但是,(BUT),掌心向外，轉成掌心向內。
佣人,(SERVANT),一手重複抓另一手的手肘 。
作文,(COMPOSITION),寫+文。
作業,(HOMEWORK),做+表格。
作弊,(CHEAT IN EXAM),手背重複擦臉頰 。
你,(YOU),食指指向對方。
你倆,(YOU TWO),食指和中指伸直，指向對方擺動。
你們,(YOU (PL.)),食指在身前畫一圈。
你們兩個,(YOU TWO),食指和中指伸直，指向對方擺動。
伯父,(UNCLE (father's older brother)),父親+兄。
低,(LOW),手掌朝下放。
免費,(FREE OF CHARGE),拇指和食指捏起成一圓圈，向下打開 。
冷,(COLD),雙手握拳，掌心相對，在胸前抖動。
冷靜,(CALM DOWN),左右手在胸前，由上往下壓。
別的,(OTHER),一手掌心朝內，另一手手背與其相靠再往外一伸。
利,(PROFIT),手輕擦下巴。
刨木頭,(SHAVE THE WOOD OFF ),雙手食指及姆指伸直，掌心朝下，雙手平行同時往前推。
努力,(EFFORT),一手握拳，另一手放其上臂處，握拳的手用力向內曲臂。
卵,(EGG_B),五指微彎在胸前搖晃 。
吝嗇_A,(STINGY_A),小指在鼻邊重複彎動。
吝嗇_B,(STINGY_B),一手拇指和食指接觸成圈，其餘三指伸直，放於嘴前。
呆子,(FOOL),姆指、食指和中指捲曲，放於鼻上。
呆板,(DULL_A),一手姆指伸直不動，用另一手姆指重複碰它並向下移動。
吳_A,(WU_A (SURNAME)),五指張開微彎，指尖碰胸前。
吳_B,(WU_B (SURNAME)),中指和姆指在口邊持續指尖相觸，其餘手指微張。
呂,(LU(SURNAME)),雙手姆指和食指成圈狀，一上一下相接觸。
告密,(LEAK OUT),一手五指捲曲且指尖接觸在另一手手心下向前打開成五指伸直張開。
告訴,(TELL),一手拇指伸直，另一手五指指尖相碰，對著姆指打開成五指伸直。
吹口哨,(WHISTLE),拇指及食指放嘴前吹氣。
吹牛,(BOAST),姆指及食指捲曲放於太陽穴，嘴頰鼓起。
吻,(KISS),雙手五指指尖相觸，兩手指頭相碰重複轉動。
吸引,(ATTRACT),一手姆指伸直，另一手食指伸直指向姆指，雙手同時向內一動。
吸毒,(DRUG ABUSE_B),雙手拇指小指伸直，兩手相接置於嘴角，同時用口吸氣。
吵,(QUARREL),雙手食指伸直，在胸前重複相打。
吵架,(QUARREL),雙手食指伸直，在胸前重複相打。
吵鬧,(NOISY),雙手姆指與中指捏緊，食指放耳朵邊，姆指與中指重複彈開。
吼,(SHOUT),雙手放於口邊，口張開。
困難,(DIFFICULT),以食指和姆指捏臉頰。
坐,(SIT),雙手食指和中指伸直並併攏，一手放在另一手上。
壯,(STRONG),雙手握拳手臂往身體彎起。
嫉妒,(JEALOUS),掌心朝外，食指在鼻前重複捲曲。
妓女_A,(PROSTITUTE_A),拇指及食指捏起，小指伸直，重複在胸前往下劃。
妓女_B,(PROSTITUTE_B),小指伸直，食指捲曲輕擦下巴。
完了,(FINISH),一手指尖碰觸另一手手掌心。
完全,(ALL),雙手掌心朝下，往下畫半圓相碰。
完成,(ACCOMPLISH),雙手掌心朝下，一手移到另一手之手背上。
完美,(PERFECT),雙手姆指和食指交叉成十字，一上一下擺在身前。
局,(BUREAU),一手指尖向上，另一手拇指與其他四指平行，雙手相觸模仿"局"的「尸」字形。
屁股,(BUTTOCKS),雙手手指略彎，手心向外，雙手向外往前一放。
尾巴,(TAIL),食指在另一手手肘處擺動。
希望,(HOPE),食指捲曲放在額頭上。
希臘,(GREEK),希望+國。
床,(BED),雙手姆指、中指和無名指指尖捏起且相接觸，其餘伸直。
弟弟,(YOUNGER BROTHER),中指伸直觸頰，再往下放。
忘,(FORGET),五指捲曲且指尖相觸在太陽穴旁往上打開。
忘記,(FORGET),五指捲曲且指尖相觸在太陽穴旁往上打開。
忍不住,(CAN'T TOLERATE),忍受+不能。
忍受,(TOLERATE),一手掌心朝上放於胸口處。
忍耐,(TOLERATE),一手掌心朝上放於胸口處。
快_N,(FAST_N),姆指及食指伸直往上快速一動。此打法與「快速_N」相同。
快_S,(FAST_S),姆指及食指捏住彈開成姆指伸直。此打法與「快速_S」相同。
快速_N,(FAST_N),姆指及食指伸直往上快速移動。此打法與「快_N」相同。
快速_S,(FAST_S),姆指及食指捏住彈開成姆指伸直。此打法與「快_S」相同。
快樂,(HAPPY),雙手輪流重複上下輕擦胸前。打法與「高興」、「歡喜」相同。
戒指,(RING),一手姆指和食指碰觸另一手中指。
我_A,(I_A),食指觸鼻尖。
我_B,(I_B),食指指著胸口。
我倆,(WE TWO),食指和中指伸直，在你我之間擺動。
我們,(WE),食指先指胸口後在胸前劃一圈。
我們兩個,(WE TWO),食指和中指伸直，在你我之間擺動。
抄_A,(HANDWRITTEN COPY_A),寫+學習。
抄_B,(HANDWRITTEN COPY_B),寫+一模一樣_C。
抗拒,(RESIST),手握拳，手臂肘部由下往上用力一提。
技巧,(TECHNIQUE),手重複拍另一手手背 。此打法與「技術」相同。
技術,(TECHNIQUE),手重複拍另一手手背 。此打法與「技巧」相同。
扭傷,(SPRAIN),雙手食指中指勾起，相對往反方向扭動。
把握時間_A,(SEIZE THE DAY_A),時間_A+搶_A。
把握時間_B,(SEIZE THE DAY_B),時間_A+保護。
找,(LOOK FOR),拇指和食指捏起，其餘手指伸直，在眼睛前繞圈圈。此打法與「尋找」相同。
找到,(FOUND IT),找+及格。
批評,(CRITICIZE),一手五指伸直併攏，在另一手手心上重複左右移動 。
折斷,(SNAP),雙手食指伸直，相碰後往上左右分開。
投降_A,(SURRENDER_A),雙手向上舉起做投降狀。
投降_B,(SURRENDER_B),白+旗子。
投票,(VOTE),一手姆指與其他四指彎曲放身前，另一手四指向下朝其虎口放。
投資,(INVEST),一手五指伸直併攏，掌心朝上，置於胸前。另一手拇指和食指捏起，其餘手指伸直，向另一手甩出，同時手指打開。
抓,(CATCH_B),一手張開抓住另一手姆指向內拉。
改,(CHANGE_A),雙手食指和中指伸直橫放，掌心由朝外翻轉成朝內。
更,(EVEN MORE),雙手掌心向下一上一下放在胸前，在下面那隻手移到另一手上面。此打法與「愈」、「越」相同。
束縛,(CONSTRAIN),另一手拇指和食指捏住另一手拇指。

李,(LI (SURNAME)),一手的食指中指捲曲，另一手食指捲曲，兩手相扣後擺動。
每,(EVERY),一手食指伸直，手背重複敲打另一手手心。
求,(BEG),雙手重複摩擦 。
沙,(SAND),姆指與其他四指摩擦。
沙拉醬,(DRESSING),一手握拳在另一手掌心上繞圓作擠沙拉醬狀。
決定,(DECIDE),雙手掌心上下相對，四指捲曲，用力相扣。
沒有,(NOT HAVE),手在身前，掌心朝上重複合起。
沒有用_A,(USELESS_A),手掌併攏，重複擦下巴。
沒有用_B,(USELESS_B),一拇指和食指接觸成圈，在另一手掌心上，向外移動，同時張開拇指和食指。

沒有事情,(NOTHING TO DO),沒有+事情。
沒有問題_A,(NO PROBLEM_A),沒有+問題。
沒有問題_B,(NO PROBLEM_B),姆指及小指伸直在身前用力向外一動。
沒有問題_C,(NO PROBLEM_C),姆指及小指伸直碰鼻子後用力向外一動。
沒有辦法_A,(NO WAY_A),沒有+辦法。
沒有辦法_B,(NO WAY_B),食指重複彎起成捲曲狀。
沒味道,(TASTELESS),手拍下巴。
沒關係,(DOESN'T MATTER),雙手姆指和食指指尖相接成圈且兩圓圈相扣，其餘伸直，再打開。
汽水_N,(SODA POP_N),一手五指指尖相觸成圈，橫放在胸前；另一手食指和中指伸直，掌心向下，在其圈口上往上拉，做開瓶狀。
汽水_S,(SODA POP_S),五指指尖相接，由口旁往上移並重複開合。
汽車駕照,(DRIVER'S LICENSE),開車+證明。
男,(MAN),姆指伸直，左右擺動。
男同性戀,(GAY),雙手拇指相靠摩擦。
男性團體,(MALE GROUP),雙手拇指在胸前向內畫半圈並相觸。
私,(PROFIT),手掌輕擦下巴。
禿頭,(BALD),五指伸直中指碰頭頂並向後動 。
系列,(SERIES),一手姆指伸直不動，另一手握拳在其手背處向下打開成五指伸直。
系統,(SYSTEM),一手姆指伸直不動，另一手握拳在其手背處向下打開成五指伸直。
肝,(LIVER),一手食指中指伸直橫放於腹側，另一手食指於其上往下畫，仿'干'字形。
良好,(GOOD),手握拳碰鼻。
芒果_N,(MANGO_N),四指伸直與姆指平行放口前，在口前上下動。
芒果_S,(MANGO_S),雙手四指伸直併攏且與姆指平行放口前，一起向外輕動。
見,(SEE),食指和中指伸直，從眼前往外動。
豆,(BEAN),食指和姆指指尖相接成圈，在口前重複打開。
豆腐,(TOFU),豆+麵包。
豆漿,(SOYBEAN MILK),豆+奶_S。
貝殼,(SHELL),雙手握拳，掌心相對上下相疊，重複打開。
走,(WALK),食指和中指伸直朝下，兩指交替前後動向前做走路狀。
走私,(SMUGGLE),躲+運輸。
足夠_N,(ENOUGH_N),一手拇指和食指接觸成圈，其餘三指伸直。碰下巴後，拇指和食指張開。

足夠_S,(ENOUGH_S),一手握拳，另一手從其上向外擦出。
足球,(SOCCER),一手五指捲曲且指尖相觸，另一手食指及中指伸直重複碰之，如踢球狀。
身分證,(ID CARD),身體+證明。
身兼數職,(WEAR MANY HATS),食指伸直點胸後往旁拉並依序將中指無名指及小指也伸直 。
身體,(BODY),食指朝身體畫一圈 。
車_A_N,(CAR_A_N),一手掌心朝下，另一手在其上，下面的手前後動。
車_B_N,(CAR_B_N),一手掌心朝下，另一手姆指伸直，其餘彎曲併攏在其上，下面的手前後動。
車_S,(CAR_S),雙手拇指和食指各相觸成一圓圈，掌心朝下，同時往前移動。
車庫,(GARAGE),一手拇指與四指平行相對，移至另一手掌心斜下方
車禍,(CAR ACCIDENT),雙手姆指伸直，其餘彎曲併攏並和姆指相對成平行狀掌心朝下，互相碰撞。
辛苦,(TOILSOME),手握拳，掌心朝後，輕敲太陽穴。
迅速_N,(FAST_N),姆指及食指伸直往上快速一動。
迅速_S,(FAST_S),姆指及食指捏住彈開成姆指伸直。
那個,(THERE),食指指向旁邊。
那裏,(THERE),食指指向旁邊。
防禦,(DEFEND),一手四指彎曲併攏，另一手將其向外推。
乳房_N,(BREAST_N),掌心向上，在胸旁重複開合。
乳房_S,(BREAST_S),食指捲曲放於口前。
事,(AFFAIRS),雙手掌心向上一前一後交替重複動。
事情,(AFFAIRS),雙手掌心向上一前一後交替重複動。
亞,(ASIA_B),食指和中指伸直向上，掌心朝內，放口前。
亞洲,(ASIA),黃+州。
享受,(ENJOY),利+接受。
依靠,(LEAN),雙手姆指伸直向上，一手貼於另一手下方。
依賴,(LEAN),雙手姆指伸直向上，一手貼於另一手下方。
侍者_A,(WAITER_A),佣人+男。
侍者_B,(WAITER_B),服務_N+男。
供應_A,(SUPPLY_A),一手姆指伸直，另一手掌心朝上碰姆指。
供應_B,(SUPPLY_B),左右手心朝上，同時往外一伸。
來,(COME),食指伸直朝內拉。
來不及,(IT'S TOO LATE),姆指與食指伸直，大姆指頂另一手手心後往上一轉。
來得及,(ABLE MAKE IN TIME),姆指小指伸直，姆指重複點胸口。
來源,(ORIGIN),食指伸直朝外快速往內翻轉成手心朝內。
兔子_A,(RABBIT_A),雙手掌心朝後，指尖朝上，觸頭兩側，手指再重複上下擺動。
兔子_B,(RABBIT_B),雙手食指和中指伸直向上，掌心向後，放在頭的兩側且指頭抖頭。
兒子,(SON),雙手姆指伸直，一手拇指從另一手手心中向下拉出後搖動。
兒童,(CHILD),雙手手心向上在肩上左右晃動。
兩,(TWO),食指和中指伸直，其餘握緊。
其中,(IN),一手掌心朝內放於身前，另一手五指捲曲向下動。
其他,(OTHER),一手掌心朝內，另一手手背與其相靠再往外一伸。
典當,(PAWN),雙手食指捲曲相對畫一圓。
典禮,(CEREMONY),一手食指伸直，另一手五指伸直，兩手相向重複彎起成捲曲。
刷子,(BRUSH),一手五指捲曲在另一手手心上重複前後動。
刷牙,(TOOTHBRUSH),食指伸直在口前重複左右動。
到,(ARRIVE),一手指尖以弧形移動碰觸另一手手心。
到底,(AFTER ALL),一手手心朝上不動，另一手四指併攏微彎，指尖朝下做弧狀移動到手心上。
刮鬍子,(SHAVE),食指捲曲畫下巴 。
協助,(HELP_S),雙手交替拍，掌心朝下。
卸任,(GO OFF STAGE),姆指伸直從另一手手背上往下動。
卸責,(RELIEVE OF RESPONSIBILITY),雙手微彎，一上一下於肩膀上方往外丟。
取,(TAKE),手掌心朝下，往後合成五指指尖相接成圈。
取消,(CANCEL),雙手食指及中指伸直併攏在身前交疊。
叔叔,(UNCLE (FATHER'S YOUNGER BROTHER)),父親+弟弟。
受傷,(INJURY),一手手心朝內不動，另一手食指伸直在其手背處往下劃。
味道,(TASTE),食指放於嘴角，口作嚐東西狀。
味精,(MONOSODIUM GLUTAMATE (MSG)),一手小指碰另一手拳後往外甩 。
咖啡,(COFFEE),棕+攪。
呼吸,(BREATHE),手往鼻子處收起作吸氣狀，往下放時打開作呼氣狀。
和,(AND),一手食指和中指伸出，另一手食指和拇指抓住其中指，食指則由內向外翻轉。
和尚,(MONK),佛教+男。
周,(CHOU (SURNAME)),雙手食指伸直，由額頭畫ㄇ狀。
周圍,(ENVIRONMENT),一手五指捲曲掌心朝下不動，另一手也是五指捲曲在其周圍重複向下放。
周轉,(TURNOVER),雙手五指彎曲，掌心相對繞圈。
命令,(COMMAND),一手食指中指合併伸直朝另一手伸直的姆指用力一動。
固執_A,(STUBBORN_A),姆指、食指和中指捲曲，敲太陽穴。
固執_B,(STUBBORN_B),一手姆指伸直，另一手中指和姆指在其後重複彈開。
坦白,(FRANK),雙手拇指、食指及中指伸直，一上一下向外動。
夜晚,(EVENING),雙手掌心向外，在眼前交叉。
奉獻,(OFFER),雙手五指伸直併攏， 掌心向上，在胸前一起向外移出。
奇怪_N,(STRANGE_N),五指伸直，食指觸下巴，其他手指擺動。
奇怪_S,(STRANGE_S),手在鼻前合起成食指伸直，其餘收起。
奔波,(RUSH ABOUT),拇指小指伸直，左右來回移動。
委員,(COMMITTEE MEMBER),系統+員。
妹妹,(YOUNGER SISTER),無名指伸直觸頰，再往下放。
姑姑,(FATHER'S SISTER),父親+姊姊(妹妹)。
姓,(SURNAME),名字_N+第一個。
姊姊,(ELDER SISTER),無名指伸直觸頰，再往上伸。
孤獨,(ALONE),一手姆指伸直，另一手在拇指上方繞圈。
宗旨,(GOAL),一手五指捲曲且指尖接觸，另一手食指伸直朝其移動並碰之。
官,(GOVERNMENT OFFICIAL),雙手五指伸直，拇指輕觸胸部不動。
宜蘭,(ILAN (PLACE NAME)),手握拳放鼻前，中指重複彈出。
尚未,(NOT YET),手掌心朝內，四指向下，左右幌動。
幸好,(FORTUNATELY),一手碰額頭後向外揮出 。
幸福,(HAPPINESS),手抓下巴後合起成五指彎曲且指尖相觸。
幸虧,(FORTUNATELY),一手碰額頭後向外揮出 。
延期,(POSTPONE),雙手拇指與食指捏起，同時往旁邊移動。
忠,(FAITHFUL),一手握拳敲另一手掌心。
忽然_A,(SUDDENLY_A),手掌心朝內，手掌彎曲，於眼前劃過。
忽然_B,(SUDDENLY_B),五指伸直在臉前往中間迅速移動並變成食指伸直，其餘四指捏起。
怕_N,(AFRAID_N),五指捲曲，重複敲胸前。
怕_S,(AFRAID_S),一手五指伸直手心朝上，另一手中指食指捲曲放在手心上，做發抖狀。
或,(OR),右手插入左二。
房子,(HOUSE),雙手五指伸直併攏在身前指尖相碰。
所有,(ALL),雙手五指伸直，拇指相觸後向下各畫半圓相碰。
承認,(ADMIT),手握拳向下點。
拉,(PULL),雙手握拳， 掌心朝上，做拉東西狀。
拒絕,(REFUSE),一手五指伸直手心朝外，另一手五指伸直指尖點在其手心同時向外一動。
招待,(ENTERTAIN GUESTS),一手姆指伸直，另一手五指伸直貼於其後並左右轉動。
抽煙,(SMOKE),食指和中指伸直觸嘴唇後往外拉。
拍馬屁,(FLATTER),一手姆指伸直，另一手五指伸直在其下左右動。
拍照,(TAKE PICTURES),雙手姆指及食指捲曲放於眼前，右手食指重複彎起。
拍攝_A,(FILM_A (VERB)),一手握拳，另一手拇指、食指(及中指)伸直放於其上左右動。同「錄影_A」。
拍攝_B,(FILM_B (VERB),一手拇指、食指(及中指)伸直，另一手向內五指收起。同「錄影_B」。
拍攝_C,(FILM_C (VERB)),一手拇指、食指(及中指)伸直，另一手握拳在旁繞圈。同「錄影_C」。
抵抗,(RESIST),手握拳，手肘由下往上提。
拘束,(CONSTRAIN),一手姆指伸直不動，另一手拇指與食指將其扣住。
拖吊,(TOW AWAY),一手拇指與四指彎曲且平行相對，另一手食指捲曲，將其往旁邊拉。
拖延,(POSTPONE),雙手拇指與食指捏起其餘伸直，同時往旁邊移動。
拖鞋,(SLIPPERS),食指和中指伸直在另一手手背畫叉 。
放,(PUT),一手手掌心朝上，擺在另一手手背上。
放屁_A,(FART_A),一手握拳從另一手手肘處向外打開。
放假,(VACATION_A),雙手姆指貼於掌心，掌心朝下，重複相碰，並往右移。
昆蟲,(INSECT),小指重複彎起並橫向移動。
明天,(TOMORROW),食指指太陽穴，彈出轉成掌心朝外。
明年,(NEXT YEAR),明天+年。
明亮,(BRIGHT),雙手食指和姆指指尖相接成圈，其餘伸直，掌心向外；向上方打開。
明察秋毫,(SHARP-EYED),拇指及小指捏起，其餘捲曲，從眼前向外快速一拉。
服兵役,(DO MILITARY SERVICE),雙手握拳掌心朝內，上下觸右胸。
服役,(MILITARY SERVICE),雙手握拳掌心朝內，上下觸右胸。
服務_N,(SERVE_N),一手姆指伸直，另一手五指伸直張開，左右摩擦其掌心。
服務_S,(SERVE_S),雙手掌心朝上在胸前交替前後動。
服從,(OBEY),雙手食指、姆指伸直，同時往內拉並指尖接觸。
朋友,(FRIEND),兩手相握輕搖。
東,(EAST),雙手食指和姆指伸直，掌心向外並列並往右上角升。
東西,(THING),姆指食指伸直，掌心朝下並外移，同時食指上下擺動。
果醬,(JAM),水果+油_S。
枇杷,(LOQUAT),黃+剝皮。
林,(LIN (SURNAME)),一手握拳，一手比二，在手腕處，掌心相對相交叉並做圓狀的摩擦。
杯子,(CUP),一手掌心向上，另一手五指捲曲置於其上。
板橋,(BANCIAO CITY),雙手姆指、食指和中指伸直，在身前交叉同時往後擺動兩次。
松鼠,(SQUIRREL),雙手食指和中指捲曲，在口前重複相碰。
欣賞,(APPRECIATE),五指捲曲放在眼睛下方，重複合起。
注射,(HAVE AN INJECTION),姆指及食指伸直碰另一手手臂，如打針狀。
注視,(GAZE),食指及中指伸直於眼前向外移動。
注意,(CAREFUL),雙手握拳，一上一下放身前，用力往內一拉。
河流,(RIVER),一手掌心朝上，由另一手手肘處，順著手臂做流水狀。
波浪,(WAVES),雙手掌心朝下，在胸前向外上下動做波浪狀。
法官_A,(JUDGE_A),法律+槌子。
法官_B,(JUDGE_B),法律+官。
法律,(LAW),一手握拳，手臂伸直向上，掌心朝後，另一手食指伸直，由其手腕處畫半圓到手肘處。
法國,(FRANCE),四指彎曲，指尖觸右胸往下一劃+國。
油_N,(OIL_N),兩手姆指、食指及中指捲曲，掌心相對互繞。
油_S,(OIL_S),食指和中指伸直併攏後，重複擦另一手手心，如抹奶油狀 。
油條,(CHINESE DOUGH STICKS),油_N+繩子。
油漆,(PAINT),一手上下重複畫另一手手心 。
炒,(STIR-FRY),雙手掌心朝上，同時向內動做炒菜動作。
爬山,(MOUNTAIN CLIMBING),雙手姆指食指及中指捲曲，掌心朝外，輪流往上移。
爭吵,(QUARREL),雙手食指伸直，在胸前重複相碰。
爸爸,(FATHER),食指姆指伸直，食指碰觸右頰後縮進拳頭。
牧師,(CLERGYMAN),雙手食指姆指捲曲，在胸前兩側往下拉。
物,(THING),姆指食指伸直，掌心朝下並外移，同時食指上下擺動。
狗,(DOG),雙手大姆指觸太陽穴，其餘四指重複向下彎動。
狐狸,(FOX),手從鼻前往外拉，並轉成掌心朝外，變成姆指、中指和無名指指尖捏起。
玩,(PLAY),雙手食指伸直，在肩上擺動。
盲,(BLIND),食指與中指指向雙眼，雙眼閉起。
直,(STRAIGHT),右手食指伸直，掌心向下，靠在掌心向右的左手，再向前移動。
直排輪,(IN-LINE SKATES),一手五指伸直掌心朝下不動，另一手拇指及食指捏起以手背碰其手心並向後拉。
知道_N,(KNOW_N),手在胸前向下輕擦數次。
知道_S,(KNOW_S),拳頭輕拍胸前。
知識,(KNOWLEDGE),雙手在頭前輪流向內合起，成五指彎曲且指尖接觸 。
空_A,(EMPTY_A),一手抓住另一手手臂，被抓的那一手五指伸直並轉動。
空_B,(EMPTY_B),姆指、食指及中指伸直左右晃動。
空軍,(AIR FORCE),飛機+軍。
肥,(FAT),雙手五指微微彎曲，掌心相對，在臉頰旁往外一移，同時鼓頰。
肥肉,(FAT MEAT),一手四指彎曲且與姆指平行放在另一手手臂上，沿著手臂往下移動。
肥皂,(SOAP),手握拳，重複摩擦臉頰。
肥胖,(FAT),雙手五指微微彎曲，掌心相對，在臉頰旁往外一移，同時鼓頰。
股票,(STOCK),一手拇指與四指平行相對，掌心朝內，置於另一手虎口處，然後兩手拇指和食指微彎相對，朝兩側拉開。
肯,(WILLING),手握拳做點頭狀。
花,(FLOWER),五指指尖相觸，往上打開。
花蓮_N,(HUA-LIAN _N (PLACE NAME)),手五指捏緊放在鼻子上，重複打開。
花蓮_S,(HUA-LIAN_S (PLACE NAME)),姆指食指中指伸直碰太陽穴後變成五指捏緊再打開成五指伸直。
芥末,(MUSTARD),食指在鼻側往上鑽。
虎,(TIGER),姆指、食指和中指捲曲，在下巴處向上翻成掌心向外。
初次,(FIRST TIME),五指伸直掌心向下，向上拉變成食指伸直，其餘緊閉。
初級,(THE FIRST LEVEL),一手掌心朝內橫放胸前，另一手掌心朝內，食指伸直，橫觸其手背，再往前拉。
表示,(SHOW),食指伸直點著另一手手心，並將手心向外翻轉成手心朝外。
表格,(CHART),一手手背放在另一手手心向下拉 。
表演,(PERFORM),一手掌心向外，另一手食指伸直放於另一手手掌前。
迎接,(WELCOME_A),雙手掌心朝上，由右方移至左方。
近,(NEAR),雙手食指和姆指指尖相觸成圈，掌心相對互相靠近。
近視,(MYOPIA),雙手姆指與食指捏起，一手放眼前，另一手向其靠近。
金,(GOLD),一手姆指和食指彎曲將另一手的中指套起。
金字塔,(PYRAMID),兩手手指相接成一個三角形。
金剛,(KING KONG),雙手握拳輪流捶胸。
金錢,(MONEY),食指和姆指指尖接觸成圈，其餘放鬆伸直，手幌動。
長,(LONG),雙手食指和姆指指尖相觸成圈，雙手指圈碰觸後，再向左右拉開。
長大,(GROW UP),一手掌心朝下在胸前往上升。
長舌_A,(TALKATIVE_A),姆指及食指彎曲，在口前向下拉出。同「囉唆_A」。
門,(DOOR),雙手姆指緊貼掌心，其餘伸直，掌心朝外，兩手相合併。
阿里山,(MOUNTAIN ALI ),一手在另一手手心上，往上轉圈後合起。
阿姨,(MOTHER'S SISTER),母親+姊(妹)。
附近,(NEAR),雙手食指和姆指指尖相觸成圈，掌心相對互相靠近。
雨,(RAIN),雙手五指微彎，掌心向下，在身體前同時上下移動。
雨傘,(UMBRELLA),一手五指抓住另一手的食指再打開如開傘狀。
青,(AZURE),手貼下巴往旁拉。
青年,(YOUTH),手握拳狀，往旁打開成五指伸直。
青蛙,(FROG),一手五指彎曲，在另一手手臂處重複跳動。
亮,(BRIGHT),雙手手指捏起成圈，向上移動並打開成五指伸直。
信,(LETTER),雙手食指和中指伸直，一手掌心朝下，在另一手食指中指間重複摩擦。
侵佔,(OCCUPY),五指伸直張開，放於另一手手背上並縮起四指成姆指伸直。
便宜,(CHEAP),姆指和食指指尖相接成圈，其餘伸直，由上往下移。
保存,(PRESERVE),一手手心朝內橫放，另一手五指彎曲在內向下合起成握拳。
保守_A,(CONSERVATIVE_A),食指在頭上向前動。
保守_B,(CONSERVATIVE_B),想+守舊。
保重,(TAKE CARE),保護+健康。
保留,(KEEP),一手手心朝內橫放，另一手五指彎曲，在內向下合起成握拳。
保密,(KEEP SECRET),雙手食指伸直交叉放口前 。
保險,(INSURANCE),保護＋怕_N
保釋,(BAIL),一手握拳，另一手五指伸直貼於其後，同時向外動。
保齡球,(BOWLING),五指捲曲從身後向前甩動，如丟保齡球動作。
保護,(PROTECT),一手姆指伸直手心朝內，另一手五指伸直併攏碰其手背處重複繞圈。
剃光頭_A,(SHAVE ONE'S HEAD_A),食指捲曲在頭上向下拉。
剃光頭_B,(SHAVE ONE'S HEAD_B),食指捲曲在另一手姆指背向下拉。
削水果,(PEEL THE FRUIT),一手五指捲曲，另一手食指中指伸直併攏，對其做削水果狀。
前一天,(YESTERDAY),食指伸直，在肩膀處向後一指。
前天,(THE DAY BEFORE YESTERDAY),食指，中指伸直，在肩膀處向後一指。
前面,(THE FRONT),手拍胸前。
勇敢,(BRAVE),雙手食指和姆指伸直，在腰前往兩邊拉開。
勉強,(RELUCTANT),一手壓住另一手手臂，被壓住的手握拳往下壓。
勉勵,(ENCOURAGE),一手姆指伸直，另一手重複拍其下方。
南_A,(SOUTH_A),雙手食指和姆指伸直，食指向下，掌心向內，兩手相互交叉於胸前。
南_B,(SOUTH_B),雙手攤開，中指從太陽穴往下移動。
南美洲,(SOUTH AMERICA),南_A+美國+州
南極,(THE  SOUTH POLE),一手握拳掌心朝上，另一手食指指其手背。
厚,(THICK),姆指和食指先捏起，在打開成兩指捲曲。
厚臉皮,(CHEEKY),拇指貼於臉頰，食指往外動。
咳嗽,(COUGH),姆指及食指碰喉嚨處並做咳嗽狀。
品,(COMMODITY),雙手姆指和食指指尖相接成圈，分別放嘴下，做"品"字形。
品德,(VIRTUE),雙手握拳在胸前重複相碰。
哄,(COAX),一手姆指伸直不動，另一手五指伸直碰其指背重複劃下。
城市,(CITY),雙手掌心相對，手指指尖相觸向上，往外平行移動。
垮台,(COLLAPSE),雙手五指指尖朝上相觸，往一旁倒下。
威脅,(THREAT),一手姆指伸直，另一手五指捲曲朝其用力一動。
孩子,(CHILD),雙手手心向上，在肩上左右晃動。
宣佈,(ANNOUNCE),雙手握拳從口前向外打開成五指伸直。
室,(ROOM),雙手掌心朝內，先一前一後，再轉成掌心相對。
封閉,(CLOSE DOWN),雙手食指及中指伸直併攏在身前交疊， 掌心向下。
屏東,(PING DONG (PLACE NAME)),手握拳放下巴下，往下打開。
屋子,(HOUSE),雙手五指伸直併攏在身前指尖相碰。
巷,(LANE),兩手五指伸直併攏且手心相對，同時往前動。
幽默,(FUNNY),雙手握拳，重複拍腰旁。
建設,(CONSTRUCT),做+設立
建築_A,(BUILDING_A),雙手在身體下方握拳，然後五指張開、掌心相對，一起往上移動。
建築_B,(BUILDING_B),一手在另一手手心上握拳，然後五指張開往上移動。
建議,(SUGGEST_B),想+提出
很,(VERY),姆指捲曲，食指伸直，掌心向自己，往後一拉。
很久沒有,(HAVEN'T FOR A LONG TIME),拇指、食指捏起在口前向旁打開成五指伸直。
後天,(THE DAY AFTER TOMORROW),食指及中指伸直，在太陽穴處向前轉成指尖朝外。
後面,(BACK),五指伸直併攏拍背後 。
後悔_N,(REGRET_N),手在鼻前合起成五指彎曲且指尖接觸 。
後悔_S,(REGRET_S),五指伸直拍頭。
思念,(THINK OF),食指輕碰太陽穴，同時頭向上抬起。
怎麼辦_A,(WHAT TO DO_A),一手掌心朝上，在另一手手心上，重複拍動。
怎麼辦_B,(WHAT TO DO_B),左右手掌心朝上，在身體前重複晃動。
恨,(HATE),拇指及小指伸直,拇指用力點住胸前。
恢復,(RESTORE),雙手五指伸直，指尖相觸，朝身體一邊扳回成指尖朝上。
拜拜,(WORSHIP GODS OR ANCESTORS),雙手手心相合重複上下動。
拜訪,(VISIT),食指及中指伸直從眼前向外動。
拮据,(SHORT OF MONEY),拇指及食指捲曲放於頸部。
挑,(CARRY ON SHOULDERS),雙手握拳在肩上輕動，如挑東西狀。
挑選,(CHOOSE),一手五指伸直掌心向內，另一手中指和姆指輪流在其五指上拉出。
政府,(GOVERNMENT),一手手肘放在另一手手背上，往上直起。
故事,(STORY),雙手姆指及小指伸直，雙手繞數圈後上下拉開。
故意,(ON PURPOSE),雙手食指伸直相碰重複一前一後轉動。
春天,(SPRING),雙手重複向內搧動。
是,(BE),姆指貼於掌心，其餘伸直觸下顎。
星星,(STAR),雙手五指指尖相接成圈，在高處重複打開。
星期一_N,(MONDAY_N),手語"一"從腋下抽出放於身前。
星期一_S,(MONDAY_S),一手打手語「七」，另一手打「一」橫放於身前。
星期二_N,(TUESDAY_N),手語"二"從腋下抽出放於身前。
星期二_S,(TUESDAY_S),一手打手語「七」，另一手打「二」橫放於身前。
星期三_N,(WEDNESDAY_N),手語"三"從腋下抽出放於身前。
星期三_S,(WEDNESDAY_S),一手打手語「七」，另一手打「三」橫放於身前。
星期五_N,(FRIDAY_N),手語"五_A"從腋下抽出放於身前。
星期五_S,(FRIDAY_S),一手打手語「七」，另一手打「五_A」橫放於身前。
星期六_N,(SATURDAY_N),手語"六"從腋下抽出放於身前。
星期六_S,(SATURDAY_S),一手打手語"七"，另一手打"六"橫放於身前。
星期天_N,(SUNDAY_N),姆指、食指和中指重複碰嘴唇後合起。
星期天_S,(SUNDAY_S),一手打手語"七"，另一手打"七"橫放於身前。
星期日_N,(SUNDAY_N),姆指，食指，中指重複碰嘴唇後合起。
星期日_S,(SUNDAY_S),一手打手語"七"，另一手打"七"橫放於身前。
星期四_N,(THURSDAY_N),手語"四"從腋下抽出放於身前。
星期四_S,(THURSDAY_S),一手打手語「七」，另一手打「四」橫放於身前。
星期幾_N,(WHAT DAY IS TODAY_N),四指從腋下抽出，由食指依序收起。
星期幾_S,(WHAT DAY IS TODAY_S),一手'七'橫放身前不動，另一手四指伸直，由食指依序收起。
昨天,(YESTERDAY),食指伸直，在肩膀處向後一指。
柔軟,(SOFT),一手四指於另一手掌心微微輕動。
柔道,(JUDO),雙手握拳從肩上往前動，接著一手手心朝上，另一手變成姆指、食指及中指伸直指背貼於其手心。
枯燥,(DULL_C),姆指食指及中指伸直在太陽穴處轉動。
段,(PERIOD),雙手五指朝外，掌心相對。
毒,(POISON),一手五指張開中指彎曲，中指點於另一手手心。
洋蔥,(ONION),食指和姆指捏起，在眼前做流淚狀，接著一手在另一手掌心上做切東西狀。
洲,(CONTINENT),雙手食指、中指和無名指伸直垂直相交模擬'州'字。
流氓_A,(HOODLUM_A),一手握拳重複打另一手手心 。
流氓_B,(HOODLUM_B),姆指伸直向另一側腰邊插入。
流傳,(SPREAD),一手姆指伸直不動，另一手五指捲曲且指尖接觸朝姆指移動且張開成五指伸直。
洗,(WASH),雙手握拳，掌心相對，上下相疊，在上的拳頭重複向前摩擦另一拳頭的掌心。
洗髮,(WASH_HAIR),雙手略彎在頭上作洗髮狀
洗澡,(TAKE A BATH),雙手握拳，在胸前輪流上下摩擦。
洗臉,(WASH FACE),雙手掌心朝內，在臉前繞圈做洗臉狀。
活動,(ACTIVITY),雙手握拳在胸前向前繞圈。
活潑,(LIVELY),雙手姆指與中指捏緊，食指放太陽穴邊，姆指與中指重複彈開。
派,(ASSIGN),一手食指和中指伸直合併，朝另一手伸直的姆指用力一動。
洩密,(LEAK OUT),一手五指捲曲在另一手手心下向前打開成五指伸直張開。
為,(FOR),雙手姆指和食指指尖接觸成圈狀並相扣由上往下拉。
炸,(DEEP-FRY),雙手五指捏緊掌心朝上，往下打開成五指張開。
炮_A,(CANNON_A),一手中指和姆指指尖捏起，其餘伸直，放在另一手拳頭上向內拉變成五指伸直。
炮_B,(CANNON_B),一手拇指為彎，掌心向內，另一手五指指尖相接，由其下方往上移並五指張開。
狡猾_A,(SLY_A),一手掌心朝內放於身前不動，另一手姆指、中指與無名指指尖捏緊其餘伸直後在其手心處繞圈。
狡猾_B,(SLY_B),雙手姆指、中指與無名指指尖捏緊其餘伸直，兩手相向轉動。
玻璃_N,(GLASS_N),食指中指伸直在眼前重複晃動 。
玻璃_S,(GLASS_S),五指伸直併攏在眼前晃動。
珍惜,(CHERISH),手輕拍臉頰。
省,(PROVINCE),一手手肘放在另一手手背上，往上直起。
相反,(OPPOSITE),雙手指背相碰。
相片,(PHOTO),拍照+片。
相似,(SIMILAR),雙手食指、姆指彎曲指尖相對，在身前由左到右畫半圓。
相信,(BELIEVE),雙手食指和中指伸直併攏，一手側放在另一手上方。
相逢,(MEET),雙手食指伸直，相對觸碰。
相機,(CAMERA),雙手姆指及食指捲曲圍一矩形置於臉前，右手食指重複彎動。
看_N,(LOOK_N),拇指和食指捏起成圈，放於眼前。
看_S,(LOOK_S),食指伸直，在眼睛旁邊向前輕擦。
看不起_A,(LOOK DOWN UPON_A),眼睛+少。
看不起_B,(LOOK DOWN UPON_B),眼睛+空_B。
看不清楚,(BLURRY),手指在眼前左右擺動。
看多了,(SEEN A LOT),拇指、食指捏起置於眼前，由中指依序收起。
看到,(DISCOVER_A),一手拇指和食指相觸成一圓圈，從眼前打開成五指伸直並拍到另一手手心上 。
看穿,(PENETRATE),一手五指伸直，另一手食指伸直穿過其食指中指之指縫。
研究_A,(RESEARCH_A),一手食指在太陽穴邊重複摩擦另一手食指指背。
研究_B,(RESEARCH_B), 一手食指在另一手拳背重複摩擦 。
研究_C,(RESEARCH_C),一手食指在另一手食指指背重複摩擦。
祈禱,(PRAY),一手握拳另一手包起做禱告狀 。
秋天,(AUTUMN),雙手掌心朝外，由右上往左下搧動。
穿衣,(PUT ON CLOTHES),雙手五指指尖相接成圈，分別從肩膀處往下畫半圓。
穿透,(PENETRATE),一手五指伸直，另一手食指伸直穿過其食指中指之指縫。
突出,(UNIQUE),一手五指張開伸直手心朝下，另一手食指伸直由下插出。
突然_A,(SUDDENLY_A),四指併攏微彎，掌心朝內，於眼前向另一邊劃過。
突然_B,(SUDDENLY_B),手在臉前往中間迅速移動並變成食指伸直，其餘四指捏起。
紅_N,(RED_N),食指伸直，碰觸下唇後，往下移動。
紅_S,(RED_S),食指在下唇處橫向劃過。
紀念,(COMMEMORATE),食指先碰太陽穴，再轉動向上。
紀錄_A,(RECORD_A),一手向下在另一手掌心處合起變成握拳 。
紀錄_B,(RECORD_B),一手向下在另一手掌心處合起成五指彎曲。
約_A,(APPOINTMENT),兩手小指捲曲，上下相勾 。
約_B,(APPOINTMENT),雙手五指伸直併攏上下相碰後交換上下位置再相碰。
約束,(CONSTRAIN),一手姆指伸直不動，另一手拇指與食指將其扣住。
約定,(MAKE AN APPOINTMENT),雙手五指伸直併攏上下相碰後交換上下位置再相碰。
美_N,(BEAUTIFUL_N),食指和姆指伸直，繞臉一圈後食指點於嘴角。
美_S,(BEAUTIFUL_S),手掌心朝內，在嘴前重複左右動。
美容,(COSMETOLOGY),雙手在臉上作塗抹洗臉狀。
美國,(AMERICA),雙手四指手指相交叉，再重複上下幌動。
美術,(PAINTING),雙手掌心向上，一手指背在另一手掌心上重複輕擦。
美麗_N,(BEAUTIFUL_N),食指和姆指伸直，繞臉一圈後食指點於嘴角。
美麗_S,(BEAUTIFUL_S),手掌心朝內，在嘴前重複左右動。
胖,(FAT),雙手五指捲曲在兩頰往外移。
背部,(BACK),五指伸直併攏拍背後。
背誦,(RECITE),手握拳貼於頭旁。
胡椒,(PEPPER),五指捲曲向下動數次後，作打噴嚏的動作。
胡說,(TALK NONSENSE),四指伸直併攏在，拇指收起，在太陽穴旁上下摩擦。
胡說八道,(TALK NONSENSE),四指伸直併攏在，拇指收起，在太陽穴旁上下摩擦。
苦,(TOILSOME),手握拳，輕敲太陽穴。
若是,(IF),四指彎曲，指尖觸臉頰，上下擺動。
苗栗,(MIAOLI (PLACE NAME)),栗子+處。
英文,(ENGLISH),中指伸直，食指彎曲置於中指上方，往側邊移動
英國,(ENGLAND),英俊+國。
虐待,(MISTREAT),一手姆指伸直不動，另一手食指及中指伸直併攏碰鼻後再碰姆指背。
要_N,(WANT_N),食指和姆指彎曲捏喉嚨，其餘手指緊閉。
要_S,(WANT_S),雙手指尖相觸，掌心向內平放在身體前，再向內拉。
要求,(BEG),雙手重複摩擦 。
計畫_A,(PLAN_A),雙手掌心朝下，姆指和食指指尖相接成圈，在胸前輪流前後移動作畫線狀。
計畫_B,(PLAN_B),想+計畫_A
計程車,(TAXI),一手四指彎曲與姆指平行橫放，另一手食指伸直在其手背上擺動。
計算,(COUNT),一手指尖朝下，在另一手手心上前後擺動。
訂,(PLACE AN ORDER),兩手小指捲曲，上下相勾 。
訂婚,(ENGAGEMENT),金+結婚。
負責_A,(BE RESPONSIBLE FOR),雙手五指捲曲，同時放在一邊肩膀上。
負責_B,(BE RESPONSIBLE FOR),雙手五指捲曲分別放在左右肩上 。
負擔,(BURDEN),雙手五指捲曲，同時放在一邊肩膀上。
軍,(SOLIDER),雙手握拳掌心朝內，上下觸右胸。
重,(HEAVY),雙手掌心向上橫放胸前，再用力往下一放。
限制,(LIMIT),兩手一上一下，手掌彎曲成垂直。
陌生,(UNFAMILIAR),四指指背貼臉頰旁，向前打開。
降旗,(LOWER A FLAG),一手食指伸直不動，另一手五指伸直在其指背往下動。
面孔,(FACE),食指伸直，繞臉。
革命,(REVOLUTION),一手握拳掌心朝外，手肘放在另一手手背上，用力轉成掌心向內。
音樂,(MUSIC),聲音+高興
風,(WIND),雙手掌心朝外，由右上往左下搧動。
風俗,(CUSTOMS),風+習慣_N。
風箏,(KITE),一手五指伸直，另一手食指伸直指向其手心，同時往下動如拉風箏狀。
風趣,(FUNNY),雙手握拳，掌心朝上，同時重複拍腰旁。
飛,(FLY),雙手手臂在身體兩邊做飛狀。
飛機,(AIRPLANE),食指和無名指捲曲，其餘伸直，向前移動。
首先,(FIRST),手張開，掌心向下，向上移成食指伸直，其餘緊閉。
香,(FRAGRANT),食指和中指伸直，往鼻子移動。
香港_A,(HONG KONG_A),香＋港。
香港_B,(HONG KONG_B),一手食指中指放鼻子下方微動
香煙,(CIGARETTE),食指和中指伸直在口前往外拉。
香蕉,(BANANA),一手中指伸直向上，另一手拇指、食指捏起繞著它做剝皮狀。
借,(BORROW),中指和姆指指尖相接，掌心朝外，向後拉並打開。
倒,(POUR),姆指和小指伸直，掌心向外，同時姆指向下做倒東西狀。
倒閉,(COLLAPSE),雙手五指伸直指尖相觸往旁邊動變成雙手相合。
倒楣_A,(BAD LUCK_A),五指伸直，姆指重複觸鼻並往下動。
倒楣_B,(BAD LUCK_B),一手掌心朝上，另一手姆指小指伸直往下動，姆指碰在手心。
們,(MEN(CHINESE SUFFIX FOR PLURALITY)),雙手姆指和小指伸直並相對拉開。
個性_A,(PERSONALITY_A),雙手食指伸直，一手指尖碰觸另一食指指節處，然後變成在握拳的手背上重複向後擦。
個性_B,(PERSONALITY_B),一手食指與拇指伸直，另一手食指伸直置於其虎口處，然後變成握拳的手背上重複向後擦。
兼職_A,(MULTIPLE JOBHOLDING_A),食指伸直點胸後，往旁移動並且將中指伸直，然後再點胸一次。
兼職_B,(MULTIPLE JOBHOLDING_B),食指及中指伸直碰胸，並往旁再點一次。
剔除,(ELIMINATE),一手姆指及中指捏起其餘指頭伸直，在另一手手心向外彈出。
剛剛,(JUST NOW),一手側放在身前，另一手五指捲曲重複往後拉。
剝皮,(PEEL),一手姆指、食指及中指捏緊，另一手朝其作剝皮狀。
原住民,(ABORIGINE),雙手姆指、食指和中指伸直在兩頰同時向外劃。
原來,(ORIGINAL),雙手姆指食指伸直，在雙肩上向前合成小圈。
原料,(MATERIAL),原來+東西
原諒,(FORGIVE),手掌心朝上從另一側胸口處往外動。
哥哥,(ELDER BROTHER),中指伸直觸頰，再往上伸。
哭_A,(CRY_A),雙手姆指及食指從兩眼同時往下拉並重複捏起。
哭_B,(CRY_B),食指及中指朝雙眼重複往下動。
員,(PERSON_C),拇指及小指伸直，在身前橫向劃過。
哪一個,(WHICH),食指向上伸直左右幌動。
哪裡,(WHERE),什麼+地方。
埋葬,(BURY),一手姆指及小指伸直，另一手五指伸直蓋於其上。
夏天,(SUMMER),雙手攤開，中指在太陽穴重複往下擦。
夏威夷,(HAWAII),一手置於另一拳頭下擺動。
孫女,(GRANDDAUGHTER),一手姆指伸直，其餘四指包住另一手小指，小指抽出，往下移動兩次。
孫子,(GRANDSON),一手姆指伸直，其餘四指包住另一手姆指，姆指抽出，往下移動兩次。
害怕_N,(AFRAID_N),五指捲曲重複敲胸前。
害怕_S,(AFRAID_S),一手食指與中指捲曲在另一手手掌心上左右輕動。
害羞,(SHY),一手遮住臉，另一手食指重複劃臉往下動。
家_A,(HOME_A),雙手五指伸直併攏在身前指尖相碰。
家_B,(HOME_B),姆指伸直放於口前。
家長,(PATRIARCH),房子+領袖
家庭,(FAMILY),雙手五指伸直併攏在身前指尖相碰，然後一手食指在其下畫圓。
容易_A,(EASY_A),一手食指伸直，在另一手垂直放的掌心，重複由上往下畫。
容易_B,(EASY_B),一手手心朝上，放口前吹氣一次。
容易_C,(EASY_C),一手手心朝上置於胸前，另一手食指先碰嘴，再碰觸手心。
射擊,(SHOOT),姆指及食指伸直同時彎起成捲曲。
展示_A,(DISPLAY_A),兩手五指伸直併攏，一手手心朝外不動，另一手手心朝上以其手腕為基點平轉180度。
展示_B,(DISPLAY_B),兩手五指伸直併攏，手心朝內，先在臉前相碰後左右拉開。
展覽_A,(EXHIBIT_A),兩手五指伸直併攏，一手手心朝外不動，另一手手心朝上以其手腕為基點平轉180度。
展覽_B,(EXHIBIT_B),兩手五指伸直併攏，手心朝內，先在臉前相碰後左右拉開。
島,(ISLAND),一手握拳，另一手環繞著拳繞圈。
差不多,(MORE OR LESS),雙手手掌心向上，上下擺動。
差勁,(LOUSY),伸出小指往下一甩 。同「爛」。
師傅,(MASTER),食指及姆指伸直，掌心朝下，向下動後再往上拉起同時食指收起。
師大,(NORMAL UNIVERSITY),拇指、食指在額頭往旁移動並重複彈開。
弱,(WEAK),一手姆指和小指伸直，立於另一手掌心上再搖動。
恐怕,(MISGIVE),拇指食指平行相對置於下巴處。
恭喜,(CONGRATULATE),一手握拳另一手包起同時上下動。
息怒,(CALM DOWN),左右手在胸前，由上往下壓。
拿,(TAKE),手掌心朝下，往上合成五指指尖相接成圈。
捉_A,(CATCH_A),一手張開抓住另一手姆指向內拉。
捉_B,(CATCH_B),一手拇指伸直，另一手五指伸直向其合起。
效果,(EFFECT),技巧+水果
旅行,(TRAVEL),手在臉前重複往後擺動，同時吹氣。
旅行團,(TRAVEL AGENCY),一手食指伸直，另一手拇指、食指重複向旁捏起。
旅遊,(TRAVEL),手在臉前重複往後擺動，同時吹氣。
時候,(THE DURATION OF TIME),一手食指伸直，拍另一手的手掌心兩次。
時間_A,(TIME_A),一手食指和姆指伸直，姆指碰觸另一手手掌心，食指再向下轉。
時間_B,(TIME_B),一手食指和姆指伸直，姆指碰觸另一手手腕處，食指劃半圓。
時間_S,(TIME_S),一手握拳抓住另一手的姆指，且食指向下劃半圓。
書,(BOOK),一手放於另一手手掌心上，做翻書狀。
書法,(CALLIGRAPHY),姆指和小指伸直，手肘放在另一手手背上向內左右搖動。
校長,(PRINCIPAL),學校+領袖
根本_N,(BASE_N),一手握拳，橫放在身前；另一手在其手肘處握拳。
根本_S,(BASE_S),雙手掌心向下，四指相交叉，往下一壓。
栗子,(CHESTNUT),姆指伸直放於嘴角。
桌子,(TABLE),雙手五指伸直併攏手心朝下，先左右拉開再同時往下動。
栽培,(CULTIVATE),一手姆指伸直，另一手四指指尖重複碰姆指。
桃子,(PEACH),雙手五指彎曲，掌心相對合起，在胸前重複左右搖動。
氣,(FRAGRANT),食指和中指伸直，往鼻子移動。
泰山,(TARZAN),手放於口旁，如泰山呼喊狀。
泰國,(THAILAND),泰山+國。
浪費,(WASTE),雙手"錢"往下張開成五指張開 。
消化,(DIGEST),雙手握拳在肚子前繞圈轉動。
消毒,(DISINFECT),毒+乾淨。
消遣,(PASTIME),一手在另一手掌心上左右來回動。
海,(SEA),鹽_N+水_N
海軍,(NAVY),船+軍
海豚,(DOLPHIN),一手平放不動，另一手向上做弧形動作如海豚跳起狀。
烤肉,(BARBECUE),雙手食指中指伸直，在身體前重複轉動。
烏賊,(SQUID),一手食指中指及無名指伸直，另一手放其手背上，伸直的三指重複晃動。
烏鴉,(CROW),黑+雞。
特別_N,(SPECIAL_N),五指彎曲，食指與拇指相觸，向外將拇指彈出。此打法與「特殊_N」相同。
特別_S,(SPECIAL_S),一手掌心向內，橫放在身前；另一手食指伸直，掌心向內，在其與身體間翻轉成食指伸直向上。此打法與「特殊_S」、「唯一」相同。
特殊_N,(SPECIAL_N),五指彎曲，食指與拇指相觸，向外將拇指彈出。此打法與「特別_N」相同。
特殊_S,(SPECIAL_S),一手掌心向內，橫放在身前；另一手食指伸直，掌心向內，在其與身體間翻轉成食指伸直向上。此打法與「特別_S」、「唯一」相同。
狼,(WOLF),姆指、中指和無名指捏起，其餘伸直向上，掌心朝外一放。
狹窄,(NARROW),雙手掌心相對，從兩側向內移。
班,(CLASS),雙手食指、中指及無名指伸直，先一前一後，再轉成掌心相對。
班長,(HEAD OF CLASS),班+領袖。
留,(REMAIN),一手手心朝內橫放，另一手五指彎曲，在內向下合起成握拳。
疾病,(SICK),手背貼著額頭。手語打法與「病」相同。
病,(SICK),手背貼著額頭。手語打法與「疾病」相同。
疲倦,(TIRED),一手握拳重複敲在另一手上臂上。
疼,(PAINFUL),五指捲曲，在痛的地方，手指重複抖動。
真,(TRUE),姆指伸直向上，由腹部到胸前往上移動。
真實,(TRUE),一手姆指伸直向上，在胸前往上移動。
破,(BREAK),雙手握拳，掌心朝下，一碰再翻成掌心相對。手語打法與「破壞」相同。
破產,(BANKRUPT),雙手五指伸直指尖相觸往旁邊動變成雙手相合。
破壞,(BREAK),雙手握拳，掌心朝下，一碰再翻成掌心相對。手語打法與「破」相同。
祖父,(GRANDFATHER),食指伸直觸頰，姆指伸直，往上移動。
祖母,(GRANDMOTHER),食指伸直觸頰，小指伸直，往上移動。
祖先,(ANCESTOR),食指點臉頰，姆指伸直重複往上移。
神,(GOD),雙手食指伸直向上，一手手掌握住另一手的食指。
神氣,(COCKY),雙手姆指食指伸直，食指重複輪流點胸前並縮起食指。
神經病,(OUT OF MIND),神+病。
祝,(CONGRATULATE),一手握拳另一手包起同時上下動。
租,(RENT),食指伸直，中指彎曲，姆指尖壓於中指上，拍打在另一手手心上。
秘密,(SECRET),雙手食指伸直交叉放口前 。
窄,(NARROW),雙手掌心相對，從兩側向內移。
站,(STAND),一手食指和中指併攏伸直，指尖垂直碰觸於另一手掌心上。
站起來,(STAND UP),一手食指和中指伸直，平放在另一手手掌心上，然後直立起來。
站牌,(BUS STOP),一手拇指、食指捏起，其他三指打開，接觸另一伸直食指指尖。
笑,(LAUGH),姆指和食指伸直，放於嘴下。
粉,(POWDER),姆指與其他四指摩擦。
粉紅色,(PINK),五指伸直併攏觸臉頰轉圈 。
索賠,(CLAIM FOR COMPENSATION),一手拇指食指捏起，其他手指打開，手背重複拍另一手掌心。
紐約,(NEW YORK),姆指、小指伸直在另一手手心重複前後動。
紙,(PAPER (FOR WRITING)),白+張。
缺乏_A,(LACK_A),一手拇指和食指相觸成一圓圈，指尖碰觸另一手手背後，向下打開。
缺乏_B,(LACK_B),食指碰另一手中指後，中指彎曲。
缺席,(ABSENCE),一手五指捲曲捏起，敲打於另一手手心上。
缺點,(DRAWBACK),‘錢’碰另一手手背後，向下打開。
翅膀,(WING),一手壓在另一手手臂上，上下擺動。
翁,(WONG (SURNAME)),一手姆指伸直放於另一手手心上並重複左右搖動。
耕田,(TILL LAND),一手五指捲曲放在另一手食指上，重複向內動。
脅迫,(PRESSURE),一手姆指伸直，另一手五指捲曲朝其用力一動。
能,(CAN),四指微彎併攏，指尖重複觸左右胸前。手語打法與「能夠」相同。
能言善道,(ELOQUENT),手在頭側重複收起。
能夠,(CAN),四指微彎併攏，指尖重複觸左右胸前。手語打法與「能」相同。
臭,(SMELLY),手在鼻前左右搧動。
草,(GRASS),雙手張開指向上，掌心朝內，平行往外移動並指頭抖動。
茶_A,(TEA_A),手輕抓另一手向上動。
茶_B,(TEA_B),棕+葉子。
蚊子,(MOSQUITO),一手姆指和小指伸直先點於另一手手背上，再快速拍一下手背。
衰弱,(WEAK),一手姆指和小指伸直，立於另一手掌心上搖動。
記得,(REMEMBER),手握拳貼頭旁。
記錄_A,(RECORD_A),一手向下在另一手掌心處合起變成握拳，並重複輕敲掌心 。
記錄_B,(RECORD_B),一手向下在另一手掌心處合起成五指彎曲。
討厭_N,(DISAGREEABLE_N),五指彎曲指尖捏起敲額頭，同時頭向後仰。
討厭_S,(DISAGREEABLE_S),手抓鼻後向外甩開。
討論,(DISCUSS),雙手五指指尖相碰，掌心相對，在胸前重複打開。
訓練_A,(TRAIN (PRACTICE)_A),兩手手心朝內，輪流互拍。
訓練_B,(TRAIN (PRACTICE)_B),訓練_A+練習
訓練_C,(TRAIN (PRACTICE)_C),訓練_A+培養
訓導處,(DISCIPLINE OFFICE),道德+處。
貢獻,(OFFER),雙手五指伸直併攏， 掌心向上，在胸前一起向外移出。
起立,(STAND UP),一手食指和中指伸直，先平放在另一手手掌心上，然後直立起來。
起義,(REVOLUTION),一手握拳掌心朝外，手肘放在另一手手背上，用力轉成掌心向內。
送,(DELIVER),雙手五指指尖相觸，掌心向內，然後轉成掌心向下，在胸前分別向外向前畫半圓相碰。
送醫,(SEE A DOCTOR),一手放於另一手手腕處一起向外動。
退_A,(WITHDRAW_A),姆指及小指伸直在另一手手心向後拉。
退_B,(WITHDRAW_B),姆指及小指伸直在另一手手背上向後拉。
退步,(RETROGRESS),雙手往斜下方移動。
退學,(DROP OUT),唸書+退_A。
逃,(ESCAPE),一手食指與中指伸直從另一手心下由內往外動。
逃學,(CUT CLASS),唸書+逃。
追,(CHASE),雙手姆指伸直向上，一手在前，一手在後，往前移動。
追隨,(FOLLOW),雙手姆指伸直向上，一手貼於另一手後方，再一起往前移。
酒_N,(LIQUOR_N),姆指及食指捲曲在口前繞圈動。
酒_S,(LIQUOR_S),雙手食指伸直分別放於兩邊太陽穴，同時頭搖晃。
閃光信號車,(CARS WITH LIGHT BAR),一手五指彎曲平行，另一手五指捏起在其上重複轉動打開。
院子,(YARD),一手斜放在胸前做屋頂狀，另一手食指朝下畫一圈。
院長,(DEAN),院子+領袖
除_A,(DIVIDE_A),一手食指伸直橫放，另一手食指伸直在其食指上下，各點一點，成"÷"形。
除_B,(DIVIDE_B),一手食指伸直橫放，另一手食指和姆指伸直，分別置於其食指的上下方。
飢餓,(HUNGRY),雙手掌心向內，輕壓肚子。
馬,(HORSE),雙手握拳，上下相疊，在胸前做騎馬狀。
馬上,(IMMEDIATELY),雙手五指伸直，掌心相向，在身前迅速移動合掌。
馬來西亞,(MALAYSIA),雙手置於頭的兩側，一手向上移，一手向下移，重複二次。
馬馬虎虎,(SO-SO),掌心向內，五指彎曲在鼻下重複合起成五指彎曲且指尖接觸。
馬桶,(TOILET),一手五指捲曲且指尖接觸放身前不動，另一手五指伸直併攏在其上作蓋起動作。
馬鈴薯,(POTATO),馬+卵。
骨頭,(BONE),一手食指和姆指抓緊另一手的手腕，同時被抓之手輕微擺動。
高,(TALL),手由下往上移動
高中,(SENIOR HIGH SCHOOL),一手食指伸直放於另一手平行伸直的拇指與食指上，之後手指張開，向上畫一弧形。

高中一年級,(TENTH GRADE),一手食指伸直放於另一手平行伸直的拇指與食指上，之後向上畫一弧形。



高血壓,(HIGH BLOOD PRESSURE),一手食指置於頸側，另一手食指與其垂直橫放由下往上移。
高速公路_A,(HIGHWAY_A),一手食指伸直在另一手掌心下向前動。
高速公路_B,(HIGHWAY_B),雙手食指、中指伸直相向動數次。
高雄,(KAOHSIUNG (PLACE NAME)),雙手姆指和食指捲曲，姆指碰觸太陽穴後往前移出。
高興,(HAPPY),雙手輪流重複上下輕擦胸前。打法與「快樂」、「歡喜」相同。
鬼_N,(GHOST_N),雙手中指彎曲其餘伸直，在臉前往外拉。
鬼_S,(GHOST_S),雙手拇指、食指捏起在太陽穴向外打開。
乾淨,(CLEAN),雙手上下掌心相觸，在上之手往外擦。
乾燥,(DRY),手摸喉嚨往下動。
停,(STOP),一手用力側放在另一手掌心上。
停止,(STOP),一手用力側放在另一手掌心上。
停車,(PARKING),一手五指彎曲，拇指與其他四指平行相對，置於另一手手心上。
假,(FALSE),食指伸直點臉頰。
假如,(IF),四指彎曲，指尖觸臉頰，上下擺動。
假期,(VACATION_A),雙手姆指貼於掌心，雙手重複相碰並往旁移動。
做,(DO),雙手握拳，重複上下對敲。
做不成,(CAN'T DO),姆指與中指捏起，在鼻前重複打開。
做夢_A,(DREAM_A),食指伸直點太陽穴後向上繞圈拉起。
做夢_B,(DREAM_B),食指伸直點太陽穴後向上拉起並重複彎起成捲曲。
偉大,(GREAT),虎口貼胸前後往外拉。
健康,(HEALTH),雙手握拳，掌心朝下，在身前用力往下一放。
偶而,(OCCASIONALLY),五指伸直向旁移動，同時重複合起成食指伸直。
偵探,(DETECTIVE),四指伸直併攏，先置於一側嘴角，在換至另一嘴角。
偷,(STEAL),一手掌心朝下，另一手食指捲曲從其下往內拉。
偷看_A,(PEEK_A),姆指及食指捲曲放於眼邊，食指重複彎起。
偷看_B,(PEEK_B),食指和中指伸直交叉放於眼前。
偷竊,(STEAL),一手手心朝下，另一手食指捲曲從其下往內拉。打法同「竊盜」、「小偷」。
偏,(SLANTING),雙手掌心相對向一旁偏。
剪刀,(SCISSORS),食指及中指重複合起 。
剪票,(PUNCH A TICKET),一手掌心向上，另一手拇指食指在該掌邊作剪票狀。
副,(SUBORDINATE),一手姆指伸直向上，另一手姆指彎曲，指尖碰觸另一手掌根。
動,(MOVE),雙手握拳在胸前向前繞圈。手語打法與「動作」相同。
動作,(MOVE),雙手握拳在胸前向前繞圈。手語打法與「動」相同。
動物,(ANIMAL),動+東西
區,(DISTRICT),一手食指和姆指微微捲曲成方形，另一手姆指和食指指尖交叉，置於方框內。
參觀,(VISIT (A PLACE)),五指彎曲放在眼睛下方，重複合起。
商,(BUSINESS),雙手食指拇指相觸圍一個圈，分別前後擺動。
商量,(DISCUSS),雙手五指捏起，在身前重複打開。
啞,(MUTE),手蓋住嘴巴。
唱,(SING),五指微彎，從張開的口前向旁邊成波浪形送出。
唱歌,(SING),五指微彎，從張開的口前向旁邊成波浪形送出。
問,(ASK),一手五指伸直指向另一手姆指。
問答,(ASK EACH OTHER),雙手五指伸直相對重複左右擺動。
問題,(PROBLEM),雙手張開，掌心朝內，指尖往中央相對一擺。
唯一,(ONLY),一手掌心朝內橫放身前，另一手在其內，食指伸直向下，轉成指尖朝上。此打法與「特別＿S」與「特殊＿S」相同。
啤酒,(BEER),四指伸直且併攏往旁一拉後四指成捲曲。
唸書,(STUDY),雙手掌心向上相碰，口微微吹氣似讀書狀。
售,(SELL),在胸前，右手食指和拇指相觸成一圈﹔左手在右手下方且掌心向上，較近身體。兩手同時移動，右手向後左手向前。
唬人,(BLUFFING),食指伸直觸眼後，向外移動變成五指伸直。
國,(COUNTRY),雙手五指微彎，指尖相對，掌心由朝外翻轉成朝內。
國小,(ELEMENTARY SCHOOL),國+小。
國中,(JUNIOR HIGH SCHOOL),一手食指伸直放於另一手平行伸直的拇指與食指上，之後手指張開，向下畫一弧形。

國家,(COUNTRY),雙手五指微彎，指尖相對，掌心由朝外翻轉成朝內。
國際,(INTERNATIONAL),雙手掌心相對，手腕向前轉動，平行移動。
堅固,(FIRM),姆指和食指捲曲放於臉頰。
堆高機,(FORKLIFT MACHINE),雙手食指、中指伸直，在身前同時向上移動。
基本_N,(BASE_N),一手握拳，橫放在身前；另一手在其手肘處握拳。此打法與「基礎_N」相同。
基本_S,(BASE_S),雙手掌心向下，四指相交叉，往下一壓。此打法與「基礎_S」相同。
基隆,(KEELUNG (PLACE NAME)),拇指、小指伸直，小指碰嘴角處往下劃。
基督教,(CHRISTIANITY),食指和姆指相交叉成十字。
基礎_N,(BASE_N),一手握拳，橫放在身前；另一手在其手肘處握拳。此打法與「基本_N」相同。
基礎_S,(BASE_S),雙手掌心向下，四指相交叉，往下一壓。此打法與「基本_S」相同。
執照,(LICENSE),一手五指捲曲，放於另一手手掌心上。
培養,(CULTIVATE),一手姆指伸直不動，另一手掌心朝上，以指尖重複碰姆指。
夠_N,(ENOUGH_N),拇指、食指捏起成圈，碰下巴後打開成五指張開 。
夠_S,(ENOUGH_S),一手握拳平放，另一手在其上方一擦。
娶,(TAKE AS WIFE),一手食指捲曲將另一手小指往內勾。
寄信_N,(SENT A MAIL_N),雙手食指和中指伸直，一手掌心朝上，在另一手指縫間往外動。
寄信_S,(SENT A MAIL_S),雙手食指、中指伸直，一上一下同時向外移出。
專,(STRAIGHT),右手食指伸直，掌心向下，靠在掌心向右的左手，再向前移動。
專長,(SPECIALTY),專+棒_B。
將來_A,(FUTURE_A),雙手上下相拍，再將一手向前推。
將來_B,(FUTURE_B),手向前推。
將來的最近,(NEAR FUTURE),雙手拇指、食指捏起，在太陽穴處相向靠近。
常常,(OFTEN),雙手食指伸直在耳朵兩旁旋轉。
帶,(CARRY),一手拉另一手手腕移動。
張,(CHANG / ZHANG (SURNAME)),雙手食指在胸前畫一個方形。
強,(STRONG),手握拳用力向肩膀處移動。
強壯,(STRONG),雙手握拳在肩膀處做身體強壯狀。
強姦,(RAPE),一手小指伸直不動，另一手在小指旁邊合起成彎曲。
強迫,(FORCE),一手姆指伸直，另一手五指捲曲朝其用力一動。
強盜,(ROBBER),一手摀嘴，另一手快速向內抓起。
得到,(RECEIVE),雙手掌心朝上，由外向身體移動。
從未,(NEVER),姆指與中指捏起在身前打開。
從早到晚_A,(ALL DAY LONG_A),雙手姆指及食指伸直，指尖由朝上轉成朝下。
從早到晚_B,(ALL DAY LONG_B),食指從另一手手臂處畫弧，手背打在另一手掌心。
從來沒有,(NEVER),姆指與中指捏起在身前打開。
徘徊,(LINGER),雙手中指內彎，在身前交替前後動。
情形,(SITUATION),雙手掌心向外，由左到右劃一半圓型。
控制_A,(CONTROL_A),一手姆指伸直，另一手五指捲曲在其上繞圈動，同時姆指也跟著繞圈。
控制_B,(CONTROL_B),一手姆指伸直，另一手握拳在其上繞圈動，同時姆指也跟著繞圈。
捲,(ROLL),雙手五指微彎掌心相對，同時往前轉動。
接吻,(KISS),雙手五指彎曲合起，兩手指尖相碰。
接受,(RECEIVE),雙手掌心朝上，由外向身體移動。
接觸,(TOUCH),一手手心朝下不動，另一手中指彎曲其餘伸直，中指點於另一手手背。
捷徑,(SHORTCUT),老鼠+路。
掃地,(SWEEP),一手掌心向上，另一手往其重複揮動。
掛,(HANG UP),雙手食指捲曲一上一下相扣 。
推,(PUSH),一手姆指伸直不動，另一手將其向外推開。
排球,(VOLLEYBALL),雙手同時往上合起成五指彎曲且指尖相觸。
排隊,(LINE UP),雙手五指伸直張開，手心相碰後前後拉開。
救,(RESCUE),一手握拳，另一手握住其手腕處並向上拉。
救護車,(AMBULANCE),醫+閃光信號車。
教,(TEACH),一手姆指伸直朝上，另一手食指伸直在其斜上方左右擺動。此打法與「教育」相同。
教育,(EDUCATION),一手姆指伸直朝上，另一手食指伸直在其斜上方左右擺動。此打法與「教」相同。
教堂,(CHURCH),一手食指和姆指交叉成十字狀，放於另一斜放的手上。
晚上,(EVENING),雙手掌心向外，在眼前交叉。
望遠鏡,(TELESCOPE),雙手五指捲曲，於眼前相疊，一手向外拉。
梅,(PLUM),食指和中指伸直併攏，先觸一邊嘴角，再觸另一邊嘴角。
梨子,(PEAR),一手五指捲曲，另一手食指、中指伸直在其周圍向前劃。
殺,(KILL),一手姆指伸直不動，另一手五指伸直併攏切向姆指。
涼快,(COOL),雙手向內輕輕搧動。
淡水,(TAMSUI (PLACE NAME)),食指、中指及無名指伸直拍另一手手背後甩開成五指張開 。
添加,(ADD),一手握拳不動，另一手握拳虎口朝下相碰。
清明節,(TOMB SWEEPING FESTIVAL),埋葬＋號碼_A。
清楚,(CLEAR),雙手掌心向內，一手在前，一手在後，用力更換位置。
清潔,(CLEAN),雙手上下掌心相觸，在上之手重複往外擦。
混亂,(MESSY),雙手五指微微捲曲，掌心上下相對，重複輪流畫圈。
淘汰,(WEED OUT),一手姆指及中指捏起其餘指頭伸直，在另一手手心向外彈出。
深,(DEEP),一手五指捲曲，四指併攏橫放，另一手食指伸直， 朝其虎口中心往下移動。
猜_A,(GUESS_A),食指伸直碰下巴轉動 。
猜_B,(GUESS_B),雙手相疊後上下搖動。
球,(BALL),雙手五指微微捲曲，掌心相對且相合，向下轉動。
現在,(NOW),兩手掌心向下，向下一放。
甜_N,(SWEET_N),手在口前重複上下微動，舌頭做舔狀。
甜_S,(SWEET_S),食指和姆指彎曲，在嘴角重複上下動。
畢業,(GRADUATE),雙手握拳，於肩膀處先是掌心向內，再轉成掌心向外。
眾叛親離_A,(BE DESERTED_A),一手食指伸直，另一手五指伸直碰食指後向旁移動。
眾叛親離_B,(BE DESERTED_B),一手食指伸直，另一手五指伸直掌心貼於食指後向外翻。
眼光高,(FASTIDIOUS),雙手拇指、食指捏起，在眼前往上動。
眼睛,(EYE),食指伸直指眼睛。
眼鏡,(GLASSES),雙手拇指、食指捲曲在眼前左右拉開。
票,(TICKET),雙手食指和姆指伸直相對，往兩邊拉開，再合成指尖相接，成長方形。
笨_A,(STUPID_A),姆指觸太陽穴，其餘四指向下彎起。
笨_B,(STUPID_B),想+差勁。
第一名_N,(CHAMPION_N),一手姆指伸直，另一手食指伸直碰姆指後再往上提。
第一名_S,(CHAMPION_S),食指伸直，觸胸後再向前動。
第一次,(FIRST TIME),手向上抓起成食指伸直。
第一個,(THE FIRST),姆指和食指抓另一手的食指。
第一級,(FIRST LEVEL),一手橫放胸前，另一手食指伸直觸其手背後再往前拉。
第一課,(LESSON ONE),一手臂伸直向上，另一手食指伸直碰手臂後往外拉。
第二名_N,(RUNNER-UP_N),一手姆指伸直，另一手食指、中指伸直碰其姆指後再往上提。
第二名_S,(RUNNER-UP_S),食指、中指伸直，食指觸胸後再向前動。
第二個,(THE SECOND ONE),一手食指、中指伸直，另一手以姆指和食抓其中指。
統一,(UNIFY),手快速在胸前繞一圈後合起成食指伸直。
細,(THIN),雙手食指中指及無名指捲曲，姆指及小指捏住，雙手姆指小指相碰後往左右拉開。
細胞,(CELL),雙手小指在胸前繞圈並重複彎起成捲曲。
細節,(DETAIL),雙手姆指及小指捏起，其餘捲曲，兩手姆指小指相碰後上下相對拉開。
紳士,(GENTLEMAN),五指彎曲且姆指與其他四指相對成平行在口前往旁移動。
組,(GROUP),雙手五指捲曲指尖相觸，再分別往後畫半圓成掌根相觸。
組織,(SYSTEM),一手姆指伸直不動，另一手握拳在其手背處向下打開成五指伸直。
累,(TIRED),一手握拳重複敲在另一手臂上。
終日_A,(ALL DAY LONG_A),雙手姆指及食指伸直，指尖由朝上轉成朝下。
終日_B,(ALL DAY LONG_B),食指從另一手手臂處畫弧，手背打在另一手掌心。
終於,(FINALLY),一手手心朝上不動，另一手四指併攏微彎，指尖朝下做弧狀移動到手心上。
習慣_N,(HABIT_N),一手食指在另一手握拳的手背上重複向後擦。
習慣_S,(HABIT_S),雙手掌心向下，一手拍另一手手背再變成食指伸直拍其手背，重複兩次。
聊天,(CHAT),雙手五指伸直張開，手腕相碰並重複上下動。
脫衣,(TAKE OFF ONE'S CLOTHES),雙手輕握，分別從胸前往肩膀處動做脫衣狀。
船,(BOAT),雙手掌心朝上，相併成船形，往外移動。
莫名其妙,(INEXPLICABLE),食指伸直觸額頭後再變成拇指、食指捏起碰下巴 。
處,(PLACE),五指彎曲分開往下放。
處罰,(PUNISH),一手姆指伸直姆指朝上，另一手姆指伸直姆指朝其用力一動。
蛇,(SNAKE),食指和中指伸直在嘴前，手指上下幌動。
蛋_A,(EGG_A),雙手五指微微捲曲，兩手指尖相接，再向下打開。
蛋_B,(EGG_B),五指微彎在胸前搖晃 。
蛋_C,(EGG_C),白+蛋_B。
蛋糕,(CAKE),雙手姆指、食指捲曲放於身前，嘴巴做吹氣狀。
被子,(QUILT),雙手五指彎曲且姆指跟其餘四指成平行，由下往上拉至胸前。
被發現,(BEING DISCOVERED),手握拳碰胸後向上動。
袋鼠,(KANGAROO),雙手拇指、中指及無名指捏起，在身體兩旁向前跳動。
規則,(RULES),一手四指伸直不動，另一手拇指及食指碰其食指後往下動。
訪問,(ASK),一手五指指尖指向另一手伸直向上的姆指。
許多,(MANY),雙手攤開，掌心向上，向兩邊做波浪形拉開。
設立,(ESTABLISH),雙手五指捲曲成方形，掌心相對，在胸前往下一放。
設計,(DESIGN),一手食指和中指伸直交叉，從另一手的手肘處重複往手腕處畫。
責任,(RESPONSIBLE),雙手五指捲曲分別放在左右肩上 。
貪心,(GREED),拇指、食指捏起碰額頭 。
貪污,(CORRUPT),拇指、食指捏起重複在另一手手肘處往內動 。
貧窮,(NEEDY),姆指伸直碰觸下巴。
軟,(SOFT),一手四指於另一手掌心微微輕動。
底片_A,(A ROLL OF FILM_A),一手握拳，另一手拇指與食指伸直，放於另一手拳頭上。
底片_B,(A ROLL OF FILM_B),黑+雙手五指彎曲左右拉開。
軟弱,(WEAK),一手姆指、小指伸直，於另一手掌心上輕輕搖動。
這,(THIS),食指向下指。
通用,(EQUAL),姆指、食指捏起碰下巴後，再伸直姆指與食指，貼在下巴下。
通過,(PASS),一手掌心向上，另一手姆指伸直擊掌心後向上拉起。
通學,(COMMUTE),一手拇指、小指伸直，在另一手手臂旁重複前後動。
連,(CONTINUE),雙手姆指和食指相扣成雙圓，其餘伸直，由上往下移動。
透明,(TRANSPARENT),一手五指伸直，另一手食指伸直穿過其食指中指之指縫。
部分,(PART OF),雙手指尖相觸，掌心向內，再分別往後畫半圓成掌根相觸。
部屬,(SUBORDINATOR),一手姆指伸直不動，另一手五指伸直朝上，在其手背前左右移動。
都,(ALL),雙手掌心朝下，在高處指尖相碰，往下各畫半圓相碰。
都市,(CITY),雙手掌心相對，手指指尖相觸向上，往外平行一擺。
都沒有,(NONE),五指捲曲且指尖接觸在口前搖晃。
都是我不好_A,(MY FAULT_A),以小指碰鼻。
都是我不好_B,(MY FAULT_B),手拍自己臉頰。
釣魚,(FISHING),雙手都是食指伸直，兩手相接後一起往上一拉。
閉嘴_A,(SHUT UP_A),食指、中指伸直在嘴巴前快速合起併攏。
閉嘴_B,(SHUT UP_B),拇指、食指在嘴角向旁拉。
閉嘴_C,(SHUT UP_C),拇指與其他四指於嘴前用力合起。
陪伴,(ACCOMPANY),一手食指伸直不動，另一手食指伸直與其相碰。
陳_A,(CHEN(CHINESE SURNAME)_A),一手握另一手的上手臂側邊處。
陳_B,(CHEN(CHINESE SURNAME)_B),右食指伸直一在鼻旁磨擦。
陸地,(LAND),姆指與其他四指摩擦。
陸軍,(ARMY),地+軍
陰險_A,(SLY_A),一手放於身前不動，另一手姆指、中指與無名指捏起在其手心處繞圈。
陰險_B,(SLY_B),雙手姆指、中指與無名指捏起，兩手相向繞圈動。
陶瓷,(CERAMICS),雙手下往上抓起如抓胚狀。
雪,(SNOW),雙手手指朝上由上往下移並抖動手指。
頂,(TOP),一手五指伸直併攏，手心朝下不動，另一手五指彎曲併攏，向上移動至碰其手心。
頂尖,(TOP),一手五指伸直併攏手心朝下不動，另一手五指彎曲併攏向上動碰其手心。
魚,(FISH),手在身前彎動並向一旁移動。
鳥,(BIRD),一手拇指、食指在嘴前捏起，另一手上下揮動。
鹿_N,(DEER_N),雙手姆指、食指和小指伸直，姆指觸太陽穴。
鹿_S,(DEER_S),雙手食指伸直，在同一側交替向上繞圈。
麥_A,(WHEAT_A),一手四指彎曲與姆指緊握，另一手將其合起。
麥_B,(WHEAT_B),棕+麥_A。
麻煩,(BOTHERSOME),手重複拍額頭。
傑出,(OUTSTANDING),一手五指張開伸直，另一手食指伸直在其下由下往上插出。
傀儡,(PUPPET),一手姆指、小指伸直，另一手在其上輕微晃動。
傘,(UMBRELLA),一手五指抓住另一手的食指再打開成開傘狀。
最,(VERY),姆指捲曲，食指伸直，掌心向自己，往後一拉。
最後,(LAST),食指伸直，在另一手手肘處擺動。
創作,(INVENT),姆指及中指捏住，其餘伸直，食指點住太陽穴，再將姆指與中指彈開。此打法與「創造」相同。
創造,(INVENT),姆指及中指捏住，其餘伸直，食指點住太陽穴，再將姆指與中指彈開。此打法與「創作」相同。
剩,(REMAIN),一手由上而下輕擦另一手手掌心後往下。
勝利,(WIN),手觸鼻再往上移成掌心朝下。
博士,(PH. D.),食指伸直，中指捲曲放於食指指背，食指碰太陽穴後往外動。
喊,(SHOUT),雙手放於口邊，口張開做呼喊狀。
喝,(DRINK),一手五指捲曲，四指併攏在口前做喝水狀。
喘,(GASP),手放於胸前作喘氣狀。
喜歡_N,(LIKE_N),食指和姆指捏起成圈，其餘緊閉，在臉頰重複向下劃。
喜歡_S,(LIKE_S),食指和姆指捏喉嚨處。
單身女,(SINGLE WOMAN),一手拇指、食指捏起套到另一手小指 。
單身漢,(BACHELOR),一手拇指、食指捏起套到另一手姆指。
場,(MARKET),手在身前掌心朝下畫圓。
報仇_A,(REVENGE_A),雙手食指在身體前重複交互相碰 。
報仇_B,(REVENGE_B),雙手交叉，食指、姆指伸直並重覆指尖捏起。
報名_A,(SIGN UP_A),拇指和食指捏起成圈，其餘三指伸直，指尖碰觸在另一手手心上 。
報名_B,(SIGN UP_B),報告+簽名。
報告,(REPORT),一手呈O型，掌心朝下，放另一手手心上，再將O往前打開。
報紙,(NEWSPAPER),雙手手臂相疊，一手臂抬起。
富有,(RICH),雙手姆指和食指捏起後重複彈開。
尊敬,(RESPECT),一手姆指伸直，另一手貼於其下一起向上動。
尋找,(LOOK FOR),拇指和食指相觸成一圓圈，在眼睛前繞圈圈。此打法與「找」相同。
就,(THEN),右一畫"就"字的"尤"最後一撇和一點"、"。
就任,(ASSUME OFFICE),姆指伸直放於另一手手背上。
帽子_A,(HAT_A),五指捲曲放在頭上方。
帽子_B,(HAT_B),食指和姆指捏起，在額頭前往下拉。
幾,(HOW MANY),姆指緊貼掌心，其餘伸直，由食指依序彎起。
幾小時,(HOW MANY HOURS),一手在另一手手腕處打繞圈打「多少」。
幾天,(HOW MANY DAYS),手從太陽穴處拉出打「多少」。
幾月,(WHICH MONTH),一手在上比「多少」，另一手在下比「月」。
幾月幾日,(WHAT DATE),兩手一上一下打「多少」。
幾次,(HOW MANY TIMES),一手從另一手手心往上拉起，由下而上打「多少」。
幾個月,(HOW MANY MONTHS),手貼於臉頰打出「多少」。
幾時_A,(WHAT TIME_A),時間_A+多少。
幾時_B,(WHAT TIME_B),一手在另一手手腕處比「多少」。
幾歲,(HOW OLD),手在下巴處打「多少」。
幾號_A,(WHAT IS YOUR NUMBER_A),兩手一上一下相觸並打「多少」。
幾號_B,(WHAT IS YOUR NUMBER_B),一手在另一手的掌心向旁拉並打「多少」。
廁所,(BATHROOM),姆指與食指彎曲，其餘三指伸直。掌心向外。
復仇_A,(REVENGE_A),雙手食指在身體前重複交互相碰 。
復元,(RESTORE),雙手五指伸直指尖相觸朝身體一邊扳回成指尖朝上。
復興,(RESTORE),雙手五指伸直指尖相觸朝身體一邊扳回成指尖朝上。
愉快,(HAPPY),雙手張開，掌心朝內，手指輪流重複上下輕擦胸前。
掌握,(CONTROL),手往上抓起成握拳。
插手,(INTERFERE),一手五指伸直張開，另一手五指伸直併攏插入其指縫。
插座,(SOCKET),一手五指伸直張開，另一手食指及中指伸直插入其指縫。
插嘴,(INTERRUPT),一手五指伸直張開，另一手五指伸直併攏插入其指縫。
插頭,(PLUG),一手五指伸直張開，另一手食指及中指伸直朝其插入如插插頭狀。
提,(CARRY IN HAND),一手握拳在腰間往上一拉 。
提出,(SUGGEST_A),拇指和食指相觸成一圓圈，在另一手掌心向上的手上方，兩手同時往上移動。
提供_A,(SUPPLY_A),一手姆指伸直，另一手掌心朝上碰姆指。
提供_B,(SUPPLY_B),左右手心朝上，同時往外一伸。
提議,(SUGGEST_B),想+提出。
換_A,(EXCHANGE_A),雙手五指伸直併攏交換位置。
換_B,(EXCHANGE_B),雙手食指伸直交換位置。
換_C,(EXCHANGE_C),食指及中指伸直轉動。
敢,(BRAVE),雙手食指、姆指伸直，在腰前用力往兩邊拉開。
散會,(MEETING DISMISS),會議+解散。
散播,(CONTAGIOUS),一手姆指伸直，另一手握拳在其前向外打開成五指伸直。
普通_A,(ORDINARY_A),雙手食指伸直重複相碰。
普通_B,(ORDINARY_B),中指伸直左右輕搖。
曾經,(PAST),手掌攤開，在肩膀處朝後煽動。
替,(HELP_N),一手掌心重複拍另一手伸直向上之姆指。
期,(PERIOD),雙手五指伸直向下動。
棕,(BROWN),食指和中指伸直併攏，在鼻梁旁輕點數下。
椅子,(CHAIR),雙手食指和中指伸直並併攏，一手勾在另一手上。
森林,(FOREST),一手五指伸直在另一手臂上向旁移動並重複晃動。
棒_A,(EXCELLENT_A),大姆指用力往前動。
棒_B,(EXCELLENT_B),一手拍在另一手手背後，向上拉出成大姆指。
棒球_A,(BASEBALL_A),雙手握拳上下相靠一起向前揮動。
棒球_B,(BASEBALL_B),一手五指捏起，另一手食指伸直敲之。
棉花_A,(COTTON_A),雙手五指伸直各往左右拉成五指捲曲。
棉花_B,(COTTON_B),白+棉花_A。
棉被,(QUILT),雙手五指彎曲且姆指跟其餘四指成平行，由下往上拉至胸前。
欺侮,(BULLY),雙手食指伸直輪流往前動。
欺負,(BULLY),雙手食指伸直輪流往前動。
欺騙,(CHEAT),一手中指、無名指與姆指指尖捏起，重覆碰另一手伸直之姆指。
殘障,(HANDICAPPED),以一手先砍另一側手臂，再用另一手砍另側手臂。
港,(HARBOR),雙手食指和姆指捲曲，掌心相對，平放身前。
游泳,(SWIM),食指和中指伸直，在身前橫向移動同時擺動手指。
湧入,(CROWD INTO),雙手五指伸直由內往外移動並晃動手指。
湊在一起,(GATHER TOGETHER),雙手手掌向下從兩側抓起，移到中間放下
減,(SUBTRACT),雙手掌心朝內，一手由上而下在另一手掌心內一擦而過。
湖,(LAKE),一手掌心朝內，另一手掌心朝上，在身前繞圈動並晃動手指。
湯,(SOUP),一手五指捲曲，另一手食指和姆指捏起重複往嘴巴揮動。
湯圓,(STUFFED DUMPLINGS),雙手掌心相對摩擦，作搓湯圓狀。
渴,(THIRSTY),手摸喉嚨處往下動 。
渴望,(EAGER TO),五指捲曲，拇指放於太陽穴，手指微動。
無,(HAVE NOT),手在身前，掌心朝上重複合起。
無中生有,(FABRICATE),雙手拇指、食指捏起，一手重複敲擊另一手並打開成伸直。
無所謂,(DOESN'T MATTER),雙手姆指和食指捏起且相扣，打開成五指伸直。
無法_A,(NO WAY_A),沒有+辦法。
無法_B,(NO WAY_B),食指重複彎起成捲曲狀。
無聊,(BORING),雙手手指相疊後，掌心向內，兩手姆指轉動。
煮,(BOIL),一手掌心朝上，另一手五指捲曲在其下重複碰手背。
猥褻,(SEXUAL HARASSMENT),一手向上碰另一手小指側邊。
猴子,(MONKEY),一手手指重複抓另一手手背，嘴做小圓狀。
猩猩,(CHIMPANZEE),兩手手指捲曲手腕內彎並聳肩輪流上下動。
琴,(PIANO),雙手五指伸直朝下手指重複動，作彈鋼琴狀。
畫,(PAINTING),雙手掌心向上，一手指背在另一手掌心上重複輕擦。
番石榴,(GUAVA),五指捲曲放口前，用力往下動。
痛,(PAINFUL),五指捲曲，在痛的地方，手指重複抖動。
登山,(MOUNTAIN CLIMBING),雙手姆指、食指及中指捲曲，掌心朝外輪流往上移。
登記,(ENROLL),中指、無名指及小指伸直點在另一手手心上 。
發生,(HAPPEN),雙手五指捲曲且指尖接觸，掌心向上，雙手相碰後向上打開成五指伸直張開。
發芽,(SPROUT),一手握拳，另一手將其包起，握拳的手將大姆指向上彈出。
發音,(PRONUNCIATION),食指、中指伸直自喉嚨處抖動向外拉 。
發現_A,(DISCOVER_A),一手拇指和食指相觸成一圓圈，從眼前打開成五指伸直並拍到另一手手心上 。
發現_B,(DISCOVER_B),手握拳， 掌心向外，向前打開成食指及中指伸直， 掌心向下。
發現_C,(DISCOVER_C),食指及中指捲曲，掌心朝內，在眼前平行劃過。
發牌,(DEAL OUT CARDS),一手五指彎曲且指尖接觸不動，另一手做發牌狀。
發燒,(FEVER),五指捲曲掌心朝上在額頭重複向上動。
睏,(SLEEPY),手在眼睛上方往下拉並彎起成捲曲 。
短,(SHORT (NOT LONG)),雙手食指和姆指指尖相觸成圈，掌心相對互相靠近。
硬_A,(STIFF_A),姆指和食指捲曲碰觸臉頰。
硬_B,(STIFF_B),五指捲曲、掌心朝上，手腕貼於臉頰處。
稍微,(SLIGHTLY),五指略彎，姆指彈小指。
程序,(RULES),一手四指伸直不動，另一手拇指和食指相觸成一圓圈，碰其食指後往下動。
程度,(DEGREE),雙手食指伸直，一手食指在另一手食指指背上重複上下移動。
稅_A,(TAX_A),兩手虎口相碰，掌心朝下那一手四指重複向下彎動。
稅_B,(TAX_B),一手姆指壓於手心其餘四指伸直併攏手心朝下不動，另一手與其相碰後向外動。
稀飯_A,(RICE PORRIDGE_A),米+水_N。
稀飯_B,(RICE PORRIDGE_B),米+黏。
稀飯_C,(RICE PORRIDGE_C),米+一手掌心朝上不動，另一手在其上手指微動繞圈。
童子軍,(BOY SCOUTS),食指、中指和無名指伸直併攏放於太陽穴。
等於,(EQUAL),姆指食指指尖捏起，先碰下巴後打開，再貼在下巴下。
等待,(WAIT),手放於下巴處。
等等,(VARIETY),一手垂直放在另一手掌心上，由掌根向手指處切動。
筆,(PEN),食指和中指交叉，由上到下移動並左右晃動。
筆記本,(NOTEBOOK),一手拇指按壓於掌心，其手背放在另一手手心再向下拉 。
筆談,(CONVERSE BY WRITING),一手放在另一手手掌上，重複前後動 。
答案,(ANSWER),雙手食指和姆指相接成一大"口"，放在嘴巴前，再向前送出。
答應,(AGREE),手握拳朝下點數次。
答覆,(ANSWER),雙手食指和姆指相接成一大‘口’，放在嘴巴前，再向前送出。
結束,(FINISH),一手指尖碰觸另一手手掌心。
結果,(AFTER ALL),一手手心朝上不動，另一手四指併攏微彎，指尖朝下做弧狀移動到手心上。
結婚,(MARRY),一手姆指伸直，一手小指伸直，兩指相併。
紫,(PURPLE),小指伸直，在眼下往外擦。
絲,(SILK),雙手食指中指及無名指捲曲，姆指及小指捏住，雙手姆指小指相碰後往左右拉開。
給,(GIVE),一手姆指伸直，另一手掌心朝上碰姆指。此打法與「給予」相同。
給予,(GIVE),一手姆指伸直，另一手掌心朝上碰姆指。此打法與「給」相同。
給你好看,(WAIT AND SEE),食指伸直，拇指捲曲，往前用力一指。
善良,(KINDHEARTED),拇指伸直在胸口繞圈動。
舒服_A,(COMFORTABLE_A),手重複抓下巴往下動 。
舒服_B,(COMFORTABLE_B),雙手姆指點於胸口，其餘四指上下晃動。
華僑,(OVERSEA CHINESE),親戚+花。
著急,(URGENT),雙手在腰兩側重複往上抓。
著迷,(FASCINATED),五指指尖捏起在臉前繞圈動。
菲律賓,(PHILIPPINES),姆指、食指從鼻樑兩側往下動。
菜_N,(VEGETABLE_N),雙手中指彎曲，碰臉頰後向上動。
菜_S,(VEGETABLE_S),雙手中指彎曲，輪流往中間繞圈動。
裁縫,(TAILOR),一手掌心朝下，另一手食指伸直在其上重複前後動。
視野狹窄,(NARROW VISION),雙手五指伸直從眼睛兩旁向中間靠近。
視障,(BLIND),食指與中指指向雙眼，雙眼閉起。
註冊_A,(REGISTER_A),錢+稅_A
註冊_B,(REGISTER_B),讀+稅_A
評判,(CRITICIZE),一手五指伸直併攏在另一手手心上重複左右動 。
評價,(EVALUATION),批評+好不好。
評審,(JUDGE),檢查+批評。
詞,(WORD),姆指、食指捲曲，往前一放。
貼,(STICK (PASTE)),一手姆指、中指捏起後拍在另一手手心。
貴,(EXPENSIVE),姆指和食指指尖相接成圈，其餘伸直，由下往上移。
買_A,(BUY_A),在胸前，右手食指和拇指相觸成一圈，較近身體，左手在右手下方且掌心向上，兩手同時移動，右手向前左手向後。
買_B,(BUY_B),食指碰觸姆指第一指節，然後打開。
買賣,(BUSINESS),雙手食指拇指各相觸圍一個圈，分別前後擺動。
越,(EVEN MORE),雙手掌心向下一上一下放在胸前，在下面那隻手用力移到另一手上面。此打法與「愈」、「更」相同。
越來越少,(DECREASE),姆指食指微彎慢慢合成兩指捏緊。
越來越多,(INCREASE),姆指食指捏緊慢慢開成兩指微彎。
越南,(VIETNAM),中指和姆指捏起，食指放在口前，同時轉動手腕。
越過,(CROSS),一手在另一手手背上劃過。
超車,(OVERTAKE A CAR),雙手拇指與四指相對平行掌心向下，一手與另一手後方超越其前方。
超音波,(ULTRASONIC WAVE),手握拳於腹部摩擦繞動。
超過,(EXCEED),一手從另一手手背往上動。
跑,(RUN),雙手握拳，輪流前後擺動。
跑步,(RUN),雙手握拳輪流前後擺動。
跌倒_A,(FALL DOWN_A),姆指及小指伸直，小指點在在另一手手心上後手背放於手心。
跌倒_B,(FALL DOWN_B),食指及中指伸直點在另一手手心後變成手背放於手心 。
逮捕,(CATCH),一手在身前張開，往前抓住另一手姆指後成握拳狀。
週一_N,(MONDAY_N),食指伸直，其餘握緊，從腋下抽出。
週一_S,(MONDAY_S),一手姆指，食指和中指伸直，其餘握緊，掌心向內橫放。另一手比「一」橫放。
週二_N,(TUESDAY_N),食指和中指伸直，其餘握緊，從腋下抽出。
週二_S,(TUESDAY_S),一手姆指，食指和中指伸直，其餘握緊，掌心向內橫放。另一手比「二」橫放。
週三_N,(WEDNESDAY_N),食指，中指，和無名指伸直，其餘握緊，從腋下抽出。
週三_S,(WEDNESDAY_S),一手打手語「七」，另一手打「三」橫放於身前。
週五_N,(FRIDAY_N),大姆指伸直，從腋下橫著抽出。
週五_S,(FRIDAY_S),一手打手語「七」，另一手打「五_A」橫放於身前。
週六_N,(SATURDAY_N),姆指，食指伸直，其餘握緊，從腋下抽出。
週六_S,(SATURDAY_S),一手姆指，食指和中指伸直，其餘握緊；另一手姆指，食指伸直，其餘握緊，兩手掌心向內橫放。
週日_N,(SUNDAY_N),姆指，食指，中指伸出摸嘴唇，其餘握緊。
週日_S,(SUNDAY_S),兩手姆指，食指和中指伸直，其餘握緊，掌心向內橫放。
週四_N,(THURSDAY_N),姆指緊貼掌心，其餘伸直，從腋下抽出。
週四_S,(THURSDAY_S),一手打手語「七」，另一手打「四」橫放於身前。
週轉,(CIRCULATION OF MONEY),雙手五指稍稍合起，掌心相對繞圈
進入,(ENTER),一手掌心朝斜下方，另一手拇指伸直由內移至其下方。
進步,(PROGRESS),雙手掌心朝下，慢慢往斜前上方移動。
郵局_A,(POST OFFICE_A),郵票+房子。
郵局_B,(POST OFFICE_B),郵票+處。
郵差_A,(POSTMAN_A),郵票+男。
郵差_B,(POSTMAN_B),郵票+分發+男。
郵票,(STAMP),雙手食指和中指伸直併攏，一手掌心朝內先觸嘴唇，再與另一手相碰。
鄉,(COUNTRYSIDE),一手掌心朝下橫放於身前，另一手四指彎曲在其手背上向外劃半圈。
鈕扣,(BUTTON),拇指及食指捏起在胸前由上往下重複碰胸。
開刀,(OPERATION),雙手食指、中指伸直併攏輪流向前繞圈動 。
開車,(DRIVE),雙手握拳，輪流上下動如開車狀。
開始,(START),雙手姆指緊貼掌心，其餘伸直，掌心朝下相合併後再打開成掌心相對。
開花,(BLOOM),五指指尖相觸，往上打開。
開門,(OPEN A DOOR),雙手掌心朝外相併後，再向後打開。
開除_A,(FIRE ( FROM JOB)_A),一手姆指伸直，另一手五指伸直併攏， 以手刀碰姆指後向外劃。
開除_B,(FIRE ( FROM JOB)_B),一手姆指、中指捏起其餘伸直，在另一手手心向外彈開。
開會,(MEETING),雙手姆指伸直相碰數次。
開罐,(POOL UP),一手五指捲曲，另一手五指捲曲在其上轉動如開罐狀。
間諜_A,(SPY_A),手先貼於一側胸口，再移至另一側胸口處。
間諜_B,(SPY_B),手貼於一側嘴角，再貼於另一側嘴角。
閒賦在家,(STAY AT HOME IDLE),一手掌心朝斜下方，另一手拇指小指伸直在其下方繞動。
集合,(TOGETHER),雙手攤開，手指微彎，兩手相對，往內相合。
雲,(CLOUD),雙手上下相對，在臉前向旁移動並同時抖動手指。
順延,(POSTPONE),兩手拇指及食指捏起，同時往旁邊移動。
順眼,(PLEASING TO THE EYE),看_N+對。
黃,(YELLOW),食指和姆指伸直，姆指頂在額頭中間，食指擺動。
黑,(BLACK),手在頭上向下摸。
黑市,(BLACK MARKET),躲+商。
黑社會,(GANG COMMUNITY),黑+流氓_B。
亂,(IN A CLUTTER),雙手五指微微捲曲，掌心上下相對，重複輪流畫圈。
亂七八糟_A,(IN A MESS_A),雙手五指捲曲上下相對，重複輪流畫圈。
亂七八糟_B,(IN A MESS_B),亂+馬馬虎虎。
傳,(SPREAD),一手姆指伸直不動，另一手五指捲曲且指尖接觸朝姆指移動且張開成五指伸直。
傳呼機,(BEEPER),手指捲曲於腰部晃動。
傳染,(CONTAGIOUS),一手姆指伸直，另一手握拳靠於姆指旁然後向外打開成五指伸直張開。
傳染病,(INFECTIOUS DISEASE),病+傳染。
傳真_A,(FAX_A),雙手上下掌心相對，一手於上方摩擦另一手由內而外送出。
傳真_B,(FAX_B),雙手掌心向下，一手於另一手下方由內而外送出。
僅僅,(ONLY),一手掌心朝內橫放身前，另一手食指伸直在其內由向下轉成指尖朝上。
傷心,(SAD),手在胸前往下拉並合起成五指彎曲。
傷腦筋,(TROUBLESOME),食指碰太陽穴後，五指在頭側彎起成捲曲。
募捐_A,(SOLICIT DONATIONS_A),錢+拉。
募捐_B,(SOLICIT DONATIONS_B),錢+投。
園,(PARK),雙手拇指、食指伸直相對並一前一後動。
圓,(ROUND),一手拇指、食指伸直，另一手食指伸直在其虎口處畫圓。
塞車,(TRAFFIC JAM),雙手拇指與其他四指平行且彎曲，一手置前不動，另一手向後拉。
塑膠,(PLASTIC),一手四指指尖觸在另一手掌心上，前後擺動。
嫁,(MARRY TO A MAN),一手小指向另一手拇指移動與其相碰。
嫌少,(TOO FEW),姆指伸直觸鼻。
媽媽,(MOTHER),食指小指伸直，食指觸右頰，向旁移動後食指彎曲。
徬徨,(MOVE AROUND),雙手中指內彎，在身前交替前後動。
愚笨,(STUPID),大姆指觸太陽穴，其餘四指向下彎起。
意思,(MEANING),食指在太陽穴旁畫小圈。此打法與「意義」相同。
意義,(MEANING),食指在太陽穴旁畫小圈。此打法與「意思」相同。
慈祥,(KINDNESS),一手姆指伸直不動，另一手五指伸直併攏碰其指尖並輕微繞轉動。
感冒_A,(CATCH A COLD_A),拇指、食指碰鼻重複往下動。
感冒_B,(CATCH A COLD_B),食指及中指伸直在鼻處重複往下畫。
感動,(MOVING),雙手食指伸直，指向上方，向著心的地方做閃電似的平行移動。
感謝_A,(THANK_A),姆指向上，重複彎曲。
感謝_B,(THANK_B),一手姆指緊貼掌心，其餘伸直，掌面與身體垂直，從另一手手腕處向額頭移動。
想,(THINK),食指伸直在太陽穴處轉動。
想不起來,(UNABLE TO RECALL),五指捲曲，食指點於太陽穴，手往下用力一轉。
想到,(THINK OF),食指觸太陽穴，同時頭往後一仰。
愛,(LOVE),一手掌心在另一手拇指伸直的指背上繞圈撫摸。
愈,(EVEN MORE),雙手掌心向下一上一下放在胸前，在下面那隻手用力移到另一手上面。此打法與「更」、「越」相同。
慌張,(ANXIOUS),雙手在腰兩側重複往上抓。
搞錯_A,(GOOF_A),雙手五指彎曲在眼前交換位置並同時合起。
搞錯_B,(GOOF_B),雙手五指捲曲且指尖接觸分別放於額頭及後腦杓後，交換位置。
搬家_A,(MOVE  HOUSE_A),雙手五指伸直指尖相碰後一起向旁邊移動。
搬家_B,(MOVE HOUSE_B),一手五指伸直斜放身前不動，另一手五指捲曲向旁拉。
搶_A,(ROB_A),手張開， 掌心朝外， 在身前迅速往內一拉成握拳狀。
搶_B,(ROB_B),雙手張開， 掌心朝外， 在身前迅速往內一拉成握拳狀。
新,(NEW),五指指尖相接，在肩膀上方，向前打開。
新年,(NEW YEAR'S DAY),雙手食指伸直，一上一下同時往內一轉。
新竹,(HSINCHU (PLACE NAME)),雙手中指和姆指捏起，一手食指放於另一手的掌心內，雙手中指、姆指重複彈開。
暖和,(WARM),雙手五指捲曲，在胸前微微上下動。
會_N,(ABLE_N),一手由另一手手背上向外擦出。
會_S,(ABLE_S),手在太陽穴處向後合起。
會一點_A,(CAN DO SOMETHING A LITTLE_A),會_N+半。
會一點_B,(CAN DO SOMETHING A LITTLE_B),會_N+一點。
會長,(HEAD OF ASSOCIATION),會議+領袖
會員,(MEMBER),一手拇指和食指相觸成一圓圈，將圓圈平貼於胸前。
會錯意,(MISUNDERSTAND),拇指與中指及無名指捏起放於鼻前，其餘兩指伸直。
會議,(MEETING),雙手姆指伸直向上，掌心朝內，其餘手指相碰幾下。
業,(ENTERPRISE),一手四指伸直朝上不動，另一手食指、中指及無名指伸直放在其手背。
業務,(AFFAIRS),雙手掌心向上平放，一前一後重複擺動。
楊桃,(STAR FRUIT),雙手食指、中指及無名指捲曲，指尖先相碰後向下畫半圓再相碰。
歇息,(REST),雙手掌心朝上，輕敲腰兩側。
溝通,(COMMUNICATION),雙手掌心朝上，互相繞圈。
溫柔,(TENDER),一手四指彎曲，指尖觸在另一手掌心上，前後擺動。
溫泉,(HOT SPRING),一手抓住另一手，食指、中指和無名指伸直重複擺動。
溫暖,(WARM),雙手五指捲曲，在胸前微微上下動。
滑冰,(ICE-SKATING),一手四指伸直併攏置於另一手心下，雙手同時左右滑動。
滑雪,(SKIING),雙手握拳同時往腰後一動。
滑稽,(FUNNY),雙手握拳重複輕敲腰旁。
準備,(PREPARE),預先+整理
溜冰_A,(ROLLER SKATING_A),雙手食指及中指捲曲，輪流向外動。
溜冰_B,(ROLLER SKATING_B),雙手拇指、食指捏起，輪流向外動。
溜滑梯,(SLIDE),一手食指及中指伸直併攏，另一手姆指及小指伸直且放於其上往下滑。
溪,(RIVER),一手掌心朝上，由另一手手肘處往手腕處移動，同時五指擺動。
煎,(PAN-FRY),一手在另一手手心上重複翻動。
煩,(BOTHERSOME),手重複拍額頭。
照,(SHINE),五指指尖相接，由上往下打開。
照相_A,(TAKE PICTURE_A),雙手姆指及食指捲曲圍一矩形置於臉前，右手食指重複彎動。同「攝影_A」。
照相_B,(TAKE PICTURE_B),一手握拳放眼前，另一手五指伸直併攏在拳頭前重複上下晃動。同「攝影_B」。
照顧,(TAKE CARE OF),一手姆指伸直向上放胸前，同時另一手食指和中指捲曲，掌心朝內，在眼前繞圈。
爺爺,(GRANDFATHER),食指伸直觸頰，姆指伸直，往上移動兩次。
獅子,(LION),雙手五指捲曲，先掌心朝內往上翻轉成掌心朝外。
猿猴,(MONKEY),一手手指彎曲重複抓另一手手背，嘴巴嘟起。
瑞士,(SWITZERLAND),手錶+國家。
瑞典,(SWEDEN),手錶+字典。
當耳邊風_A,(UNHEEDED ADVICE_A),五指在耳旁一抓並向上丟開。
當耳邊風_B,(UNHEEDED ADVICE_B),一手置於耳旁，另一手食指伸直點掌心後向外動。
當耳邊風_C,(UNHEEDED ADVICE_C),一手丟向耳朵，另一手從另一耳一抓再向外一丟。
當兵,(SOLDIER),雙手握拳掌心朝內，上下觸右胸。
當掉,(FAIL),一手姆指伸直，另一手由其上方拍下去。
當然,(OF COURSE),右手虎口輕敲左胸。
矮,(SHORT (NOT TALL)),手在身前掌心朝下向下動。
碗,(BOWL),五指捲曲掌心朝上放於身前。
禁止,(FORBID),一手用力側放在另一手掌心上。
萬,(TEN THOUSAND),五指微彎，指尖接觸，掌心朝外。
筷子_N,(CHOPSTICKS_N),食指、中指伸直於口前重複夾起。
筷子_S,(CHOPSTICKS_S),一手食指、中指伸直在另一手手心來回移動兩次。
節,(FESTIVAL),兩手相疊成一上一下，掌心皆向內，姆指縮起，其餘伸直，由食指依序彎起。
節目,(PROGRAM),兩手相疊成一上一下，掌心皆向內，姆指縮起，其餘伸直，由食指依序彎起。
節省_A,(FRUGAL_A),一手拇指、食指捏起掌心向內，另一手重複拍其手背。
節省_B,(FRUGAL_B),拇指、食指捏起放於口前。
節儉_A,(FRUGAL_A),一手拇指、食指捏起掌心向內，另一手重複拍其手背。
節儉_B,(FRUGAL_B),拇指、食指捏起放於口前。
經常,(OFTEN),雙手食指伸直在耳朵兩旁旋轉。
經過,(CROSS),一手在另一手手背上垂直劃過。
經濟,(ECONOMY),雙手拇指和食指相觸成一圓圈，一手在上，一手在下，逆時針轉動。
經濟部,(MINISTRY OF ECONOMIC AFFAIRS),經濟+處。
經驗,(EXPERIENCE),雙手姆指伸直，在胸前手交叉，重複晃動。
義大利,(ITALY),鞋子_N+國家。
羨慕,(ENVY),五指彎曲放於鼻前，重複合起。
聖誕老人,(SANTA CLAUS),手指微彎從下巴往下拉，同時五指彎動。
聖誕節_A,(CHRISTMAS_A),聖誕老人+節。
聖誕節_B,(CHRISTMAS_B),雙手食指伸直交叉成十字，重複相碰並彎起成捲曲。
腸子,(INTESTINES),雙手拇指、食指捏起置於腹前，上方的手往上左右動。
腳踏車_A,(BICYCLE_A),雙手握拳，重複輪流向前轉動。
腳踏車_B,(BICYCLE_B),雙手食指和姆指捲曲，一前一後置於身前向前推。
舅舅,(MOTHER'S BROTHER),母親+兄(弟)。
落伍,(FALL BEHIND),一手五指彎曲且拇指與其他四指平行，另一手於其內側由上往下動。
葉子,(LEAF),一手食指和姆指伸直，另一手食指伸直在其中上下重複擺動。
葬,(BURY),一手姆指及小指伸直不動，另一手蓋於其上。
葡萄,(GRAPE),兩手拇指、食指捏起相碰，往下移並同時轉動。
號碼_A,(NUMBER_A),兩手一上一下並相觸，姆指緊貼掌心，其餘伸直，由食指依序彎起。
號碼_B,(NUMBER_B),一手在另一手的掌心上，姆指緊貼掌心，其餘伸直，由食指依序彎起。
補,(MAKE UP FOR SOMETHING),一手握拳，另一手拍向握拳的手。
裡面,(IN),一手伸出，掌心朝內；另一手微曲，掌心向下，在其手心和身體之間往下動。
解決,(SOLVE),解釋＋乾淨
解散,(DISMISS),雙手先朝內後轉成向外打開。
解釋,(EXPLAIN),一手掌心朝外，手指向上；另一手食指和中指伸直向上，在其掌心上重複往下畫。
詳細,(DETAILED),雙手姆指及小指捏起，其餘捲曲，兩手姆指小指相碰後上下相對拉開。
試試看_N,(TRY_N),一手張開，掌心向內，另一手食指和姆指指尖相接成圈，重複輕敲其手背。
試試看_S,(TRY_S),雙手握拳交叉在身前，重複往上移。
誠實,(HONEST),姆指伸直在胸前由下往上動。
話,(SPEECH),食指伸直在口前轉圈拉出。
詢問,(ASK),一手五指伸直指向另一手姆指。
資料,(INFORMATION),雙手在頭前輪流向內合起，成五指彎曲且指尖接觸 。
跟隨,(FOLLOW),雙手姆指伸直，一手貼於另一手後方一起往前移。
路,(ROAD),雙手姆指及小指伸直， 掌心相對，同時往外拉。
跳,(JUMP),一手食指和中指併攏伸直，指尖先碰觸另一手掌心，然後再向上垂直提升。
跳水,(DIVE),一手五指伸直併攏手心朝下放於身前不動，另一手食指及中指伸直代表兩腿，從其手背處往下掉如跳水狀。
跳高,(THE HIGH JUMP),一手食指伸直不動，另一手姆指、食指及中指伸直從上越過。
跳舞_N,(DANCE_N),雙手五指張開，分別在左右肩上轉動。
跳舞_S,(DANCE_S),雙手五指張開，掌心朝內，五指朝下，左右搖動。
跪,(KNEEL),食指、中指捲曲放於另一手掌心上。
躲,(HIDE),雙手捲曲在眼前相碰。
農,(AGRICULTURE),一手食指伸直橫放在另一手手臂下；另一手五指捲曲，掌心向下，同時往後做耙狀。
農夫,(FARMER),農+男。
運入,(IMPORT),一手拇指伸直碰另一手掌心向內動。
運出,(EXPORT),一手拇指伸直碰另一手掌心向外動。
運氣,(LUCK),一手拇指伸直，在另一手手掌心上移動。
運氣好,(LUCKY),運氣+棒_A。
運氣差,(BAD LUCK),運氣+爛。
運動,(SPORTS),雙手握拳，在肩膀上方上下動。
運輸,(TRANSPORT),一手姆指伸直在另一手手心上重複前後移動。
遊行,(PARADE),雙手交疊，同時向前晃動。
遊戲,(GAME),雙手食指伸直，在肩上晃動。
道路,(ROAD),雙手姆指及小指伸直， 掌心相對，同時往外拉。
道德,(VIRTUE),雙手握拳相碰。
違法,(ILLEGAL),一手手心朝下，另一手食指伸直由下往上拍在手心上。
違規,(ILLEGAL),一手手心朝下，另一手食指伸直由下往上拍在手心上。
遇到,(ENCOUNTER),雙手食指伸直相碰。
過,(CROSS),一手在另一手手背上垂直劃過。
過去,(PAST),手掌攤開，在肩膀處朝後煽動。
過去的最近,(RECENT PAST),雙手拇指、食指捏起，在肩膀處相向靠近。
過癮_A,(ADDICTED_A),五指重複在胸口處合起。打法同「上癮_A」。
過癮_B,(ADDICTED_B),手碰腰間上下動。打法同「上癮_B」。
鉛筆,(PENCIL),姆指和食指捏起，觸唇再向下做寫字動作。
鈴,(BELL),五指捲曲在身體前搖晃。
電,(ELECTRICITY),雙手食指伸直向上，掌心朝外，由上往下做閃電狀。
電風扇,(FAN),一手抓住另一手手腕，被抓之手五指捲曲，掌心朝外左右擺動。
電動玩具,(VEDIO GAMES),雙手手掌相對在身體兩邊，中指重複作按鈕狀。
電梯,(ELEVATOR),一手手心朝上，另一手食指及中指伸直放於其上，雙手一起向上動。
電報,(TELEGRAM),一手食指和中指捲曲，敲另一掌心向上的食指和中指再往外送。
電視,(TELEVISION),一手五指微彎，姆指在下橫放；另一手，掌心朝內，在其凹口上下擺動。
電腦,(COMPUTER),電+打字。
電話,(TELEPHONE),姆指和小指伸直，置於一邊臉頰處。
電影,(MOVIE),雙手手掌心向內前後放置，上下交替擺動。
電影院,(THEATER),電影+處。
電燈,(LAMP),五指指尖捏起成圈往下打開。
零,(ZERO),五指捲曲捏起放於身前。
零食_A,(SNACK_A),雙手五指彎曲捏起輪流往嘴巴動。
零食_B,(SNACK_B),吃+消遣。
預先,(BEFOREHAND),一手側放在胸前，另一手沿著其手心，五指捲曲，掌心朝上，往後一拉。
預防,(PREVENT),預先＋防禦
頑皮_N,(MISCHIEVOUS_N),雙手掌心相對五指伸直在身體兩側上下交錯動。
頑皮_S,(MISCHIEVOUS_S),雙手握拳在臉前交互重複向下動。
頑固_A,(STUBBORN_A),姆指，食指和中指捲曲，敲太陽穴。
頑固_B,(STUBBORN_B),一手姆指伸直向上，另一手中指和姆指在其上方重複指尖彈開。
頒獎,(AWARD PRIZES),獎狀+送。
飽,(FULL(TO EAT TILL FULL)),雙手掌心朝內，由肚子往外推出。
鼓掌,(APPLAUD),雙手作拍手狀。
鼓勵,(ENCOURAGE),一手姆指伸直，另一手重複拍其下方。
僕人,(SERVANT),一手重複抓另一手的手肘。
像,(SIMILAR),雙手食指、姆指彎曲指尖相對，在身前輕搖。
嘔吐,(VOMIT),手拍胸後再往前動。
嘉義_A,(CHIAYI_A (PLACE NAME)),姆指、食指捏緊在耳邊往下打開。
嘉義_B,(CHIAYI_B (PLACE NAME)),姆指、食指捏緊從另一手手心往下打開。
團體,(GROUP),雙手指尖相觸，掌心向內，再分別往後畫半圓成掌根相觸。
圖書館,(LIBRARY),借+書+處。
圖釘,(THUMBTACK),姆指伸直在另一手手心上壓住且轉動。
夢_A,(DREAM_A),食指伸直，點太陽穴後向斜上方拉起繞圈移動。
寡婦,(WIDOW),一手拇指伸直，一手小指伸直，拇指向下倒。
實在,(TURE),姆指伸直在胸前由下往上移動。
實話實說,(TELL THE TRUTH),說+坦白。
對,(CORRECT (ADJ.)),雙手食指伸直，一手食指由上往下打在另一手食指上。
對不起,(SORRY),雙手食指伸直相碰後，一手五指伸直併攏貼於太陽穴處。
對於,(WITH RESPECT TO),雙手食指伸直，相對觸碰。
彰化,(CHANGHUA (PLACE NAME)),拇指、食指捏起在臉頰邊往下打開。
慢_N,(SLOW_N),姆指、食指伸直，掌心向內，慢慢由上往下移。
慢_S,(SLOW_S),姆指、食指伸直，掌心向外，慢慢由下往上移。
慢條斯理,(LEISURELY),五指彎曲，姆指與其他四指平行在口前往旁移動。
摔倒_A,(FALL DOWN_A),姆指、小指伸直，小指點在在另一手手心後，手背貼於手心。
摔倒_B,(FALL DOWN_B),食指、中指伸直點在另一手手心後，手背貼於手心。
撤職_A,(DISMISS SOMEBODY FROM OFFICE_A),一手姆指伸直，另一手五指伸直併攏， 以手刀碰姆指後向外劃。
撤職_B,(DISMISS SOMEBODY FROM OFFICE_B),一手姆指、中指捏起其餘伸直，在另一手手心向外彈開。
旗子,(FLAG),一手掌心朝內，橫放在另一手食指伸直的指尖上前後擺動。
榮耀,(GLORY),手握拳放於臉前，然後打開成五指伸直。
槍,(GUN),姆指及食指伸直，同時彎起成捲曲。
槌子,(HAMMER),手握拳做拿槌子敲打狀。
歌,(SONG),五指微彎，在口前向旁邊成波浪形送出。此打法與「歌曲」相同。
歌仔戲,(TAIWANESE OPERA),雙手的姆指及中指捏起其餘伸直，同時向外動。
歌曲,(SONG),五指微彎，在口前向旁邊成波浪形送出。此打法與「歌」相同。
演講_N,(SPEECH_N),一手手心朝上不動，另一手五指伸直，其小指側重複點於手心。
演講_S,(SPEECH_S),一手手心朝上不動，另一手四指指尖重複點於手心。
漂亮_N,(BEAUTIFUL_N),食指和姆指伸直，繞臉一圈後食指點於嘴角。
漂亮_S,(BEAUTIFUL_S),手掌心朝內，在嘴前重複左右晃動。
漢堡,(HAMBURGER),雙手五指捲曲放於口前。
滿,(FULL (FILLED)),一手握拳平放，另一手在其上方一擦。
漸減,(DECREASE),姆指、食指慢慢合成兩指捏緊。
漸增,(INCREASE),姆指、食指從捏緊慢慢開成兩指微彎。
熊,(BEAR),一手五指伸直先在嘴前上下動後，兩手五指捲曲，在身前輪流向前抓。
熄燈,(TURN OFF THE LIGHT),雙手掌心朝下，五指合起成彎曲且指尖接觸。
監獄,(JAIL),囚禁+地方。
睡_A,(SLEEP_A),雙手合掌貼於一邊臉頰並側頭。
睡_B,(SLEEP_B),手貼於一邊臉頰並側頭。
睡_C,(SLEEP_C),姆指和小指伸直，置於鼻上並側頭。
碩士,(MASTER DEGREE),石頭+博士
福利,(WELFARE),手摩擦下巴。
種,(PLANT),一手姆指伸直向下，直立在另一手手掌心上。
種類,(VARIETY),一手垂直放在另一手掌心上，由掌根向手指處切動。
稱,(MEASURE),雙手拇指和食指相觸成一圓圈，手心朝下，輪流上下移動。
稱呼,(CALL),姆指和食指捲曲，在嘴前向外動。
端午節,(DRAGON BOAT FESTIVAL),粽子_N+號碼_A。
管子,(PIPE),雙手拇指及食指捏起左右拉開。
管理_A,(MANAGE_A),負責_B+整理
管理_B,(MANAGE_B),檢查+負責_B
算,(COUNT),一手指尖朝下，在另一手手心上前後擺動。
算了,(LET IT BE),一手掌心向上，另一手內指尖由其上劃出後再作拍掌動作。
算盤,(ABACUS),一手掌心朝上，另一手姆指及食指在上重複搓動如撥算盤狀。
粽子_N,(RICE TAMALE_N),一手姆指、中指及無名指捏起，另一手食指於上繞圈。
粽子_S,(RICE TAMALE_S),雙手姆指及食指伸直，一手不動，另一手繞一圈後兩手指尖相碰。
精神,(SPIRIT),雙手微彎掌心朝下，放於腰處，同時往內翻轉成掌心朝內。
綠,(GREEN),食指在口前重複彎起。
緊,(CONSTRAIN),一手姆指伸直不動，另一手拇指和食指相觸成一圓圈，套在拇指上並用力將其包住。
緊張,(NERVOUS),一手食指伸直重複敲另一手手背。
網,(NET),雙手四指伸直在身前相疊，再分別左右往下拉開。
罰,(PENALIZE),一手姆指伸直朝上，另一手姆指伸直朝其用力一動。
聞_A,(SMELL_A),五指張開自身前拉至鼻前成五指捏緊狀。
聞_B,(SMELL_B),食指和中指伸直往鼻子靠近。
腿,(LEG),手拍大腿。
與眾不同,(UNIQUE),一手五指張開伸直手心朝下，另一手食指伸直由下插出。
舞弊,(EMBEZZLEMENT),拇指食指捏起成圈，其餘伸直重複在另一手手肘處往下動。
蓋章,(AFFIX ONE'S SEAL),一手握拳打在另一手手掌心上。
蒼蠅,(FLY (NOUN)),一手姆指、小指伸直，先點於另一手手背，再由五指伸直張開快速握起。
蜜蜂,(BEE),雙手食指點於嘴巴兩側，拇指、中指捏起，同時向外彈開。
蜻蜓,(DRAGONFLY),雙手姆指、食指及中指伸直，姆指相觸，食指及中指上下擺動。
蜘蛛,(SPIDER),雙手五指捲曲姆指相碰，其餘四指重複彎起。
語言,(LANGUAGE),食指及小指伸直，掌心朝內，其餘捏住在口前往外拉。
認識_A,(KNOW_A),拳頭輕拍胸前。
認識_B,(KNOW_B),臉+認識_A。
誤會_A,(MISUNDERSTAND_A),一手食指伸直橫放眼前，另一手食指伸直從其下向外動。
誤會_B,(MISUNDERSTAND_B),雙手五指彎曲在眼前交換位置並同時合起。
說,(SPEAK),食指伸直，在口前前後晃動。此打法與「說話_A」相同。
說話_A,(SPEAK_A),食指伸直，在口前前後晃動。此打法與「說」相同。
說話_B,(SPEAK_B),五指伸直放於口前重複擺動。
豪華,(LUXURIOUS),五指彎曲且姆指與其他四指相對成平行，置於口前並橫向移動。
趕不及,(NOT ENOUGH TIME),姆指與食指伸直，大姆指頂另一手手心後往上一轉。
趕路,(HURRY ON ONE'S WAY),雙手拇指、食指和中指伸直相對，往前移動同時上下稍稍晃動。
輕,(LIGHT (WEIGHTLESS)),雙手掌心向上橫放胸前，重複微微上下撥動幾下。
輕而易舉_A,(EASILY_A),一手五指伸直放身前不動，另一手食指伸直向下劃過其手心。
輕而易舉_B,(EASILY_B),一手手心朝上，放口前噴氣一次。
輕而易舉_C,(EASILY_C),一手五指伸直手心朝上放身前不動，另一手食指伸直點一下嘴角後再點於其手心。
辣_N,(SPICY_N),手放於口前，食指重複彎起。
辣_S,(SPICY_S),五指捲曲，在口前重複左右移動。
遠,(FAR),雙手食指和姆指指尖相觸成圈，雙手指圈碰觸後，再向左右拉開。
遠視,(FAR-SIGHTEDNESS),一手姆指與食指捏緊放在眼前，另一手也是姆指食指捏緊，從眼前向外拉遠。
酸_A,(SOUR_A),小指伸直觸口角，臉部皺眉。
酸_B,(SOUR_B),雙手食指和姆指彎曲相對，從口角處向旁一拉。
銀,(SILVER),拇指及食指捏起放口前。
銀行,(BANK),雙手姆指和食指成圈狀，其餘三指指尖相觸，合成三角形。
障礙,(OBSTACLE),五指伸直，中指彎曲觸額頭 。
需要_N,(WANT_N),食指和姆指捏喉嚨，其餘手指緊閉。
需要_S,(WANT_S),雙手指尖相觸，掌心向內平放在身體前，再向內拉。
領帶,(NECKTIE),雙手食指和姆指彎曲相對，一上一下放於身上，在上之手再往上移至領口。
領袖,(LEADER),姆指伸直向上高舉。
領導,(LEAD),一手掌心朝下，跟著另一手伸直的姆指往側邊移動。
颱風,(TYPHOON),一手姆指及食指捏起，另一手姆指及食指捲曲在其上繞圈動。
餃子,(DUMPLING),一手五指彎曲捏起，另一手拇指、食指在上捏起。
餅乾,(COOKIE),姆指和食指捲曲放於嘴角兩旁。
骯髒,(DIRTY),食指伸直在鼻側重複往上擦。
鳳梨_N,(PINEAPPLE_N),兩手握拳分別放在額頭及下巴同時打開成五指張開。
鳳梨_S,(PINEAPPLE_S),一手五指捲曲掌心朝下不動，另一手背於其上來回翻動。
鼻子,(NOSE),食指觸鼻尖。
億,(HUNDRED MILLION),食指與拇指交叉，在身前由上往下動。
價值,(VALUE),一手姆指和食指伸直，另一手姆指和食指指尖捏起成圈在其旁重複上下動。
劇_A,(DRAMA_A),雙手掌心朝內輪流於胸前往下拉。
劇_B,(DRAMA_B),雙手掌心相對輪流於胸前往下拉。
劍,(SWORD),兩手食指和中指伸直併攏，重複來回相碰。
厲害_A,(SKILLFUL_A),雙手五指捲曲，一手在臉旁，一手在胸前，用力繞一圈。
厲害_B,(SKILLFUL_B),手握拳用力縮起。
嘮叨,(TALKATIVE),一手姆指及食指彎曲相對，在口前向下拉出。
嘴巴,(MOUTH),食指在口前繞圈。
增加,(ADD),雙手握拳，一手掌心向內，另一手在其上翻轉做倒東西狀。
寬_A,(SPACIOUS_A),雙手五指伸直相對，在胸前往左右拉開。
寬_B,(SPACIOUS_B),雙手握拳，手臂往左右張開。
寬大_A,(SPACIOUS_A),雙手五指伸直相對，在胸前往左右拉開。
寬大_B,(SPACIOUS_B),雙手握拳，手臂往左右張開。
寬敞_A,(SPACIOUS_A),雙手五指伸直相對，在胸前往左右拉開。
寬敞_B,(SPACIOUS_B),雙手握拳，手臂往左右張開。
寫,(WRITE),姆指和食指指尖相接成圈，其餘手指彎曲，在另一手掌心上，做寫字狀。
寫單據,(WRITE RECEIPT),一手拇指食指捏起，在另一手手心上快速劃過。
廢話_A,(NONSENSE WORDS_A),說話_A+沒有用_A。
廢話_B,(NONSENSE WORDS_B),演講_N+沒有用_A。
廢話_C,(NONSENSE WORDS_C),說話_B+沒有用_A。
廚房,(KITCHEN),煮+地方。
廟,(TEMPLE),雙手食指、中指伸直先相碰再往左右拉開，同時手指彎起成捲曲。
廣,(BROAD),掌心向下，在身體前畫一個平面的大圓形。此打法與「廣場」相同。
廣場,(SQUARE),掌心向下，在身體前畫一個平面的大圓形。此打法與「廣」相同。
影子_A,(SHADOW_A),雙手姆指及小指伸直，雙手小指尖相碰後，其中一手向下倒。
影子_B,(SHADOW_B),黑+影響。
影片,(MOVIE),雙手掌心朝內一前一後放於身前，上下交替擺動。
影印_A,(PHOTOCOPY_A),一手掌心向上，另一手張開於其下方往下拉並合起。
影印_B,(PHOTOCOPY_B),一手掌心向下，另一手張開於其下方往下拉並合起。
影響,(AFFECT),手碰另一手拇指後，往斜前方微微抖動。
德國,(GERMANY),姆指、食指和小指伸直，放於鼻前。
慶祝_A,(CELEBRATE_A),雙手先碰胸後向上動。
慶祝_B,(CELEBRATE_B),雙手五指捏起在胸前相碰後再向上打開成五指伸直。
憂傷,(GRIEF),手在臉前向下拉並合起成五指彎曲。
憤怒_A,(ANGRY_A),雙手食指伸直在太陽穴旁往上動。
憤怒_B,(ANGRY_B),雙手五指捲曲碰胸後向上拉起。
摩天輪,(FERRIS WHEELS),雙手姆指小指伸直相對繞圈。
摩托車,(MOTORCYCLE),雙手握拳，掌心朝下，右拳重複前後轉動。
撞球,(BILLIARDS),一手拇指及食指交叉，另一手握拳前後動如推杆狀。
撲克牌_A,(POKER_A),一手在另一手手心重複拉回，作洗牌狀。
撲克牌_B,(POKER_B),一手五指彎曲且指尖接觸放身前不動，另一手姆指及食指重複向外動，如發牌狀。
撲滿,(MONEY BOX),一手拇指、食指捏起放進另一手虎口內。
播放帶_A,(MAGNETIC  TAPE_A),雙手食指伸直朝下繞圈。
播放帶_B,(MAGNETIC TAPE_B),雙手食指伸直朝前繞圈。
敵人,(ENEMY),雙手小指相對，同時相向用力一動。
數學,(MATH),雙手手心平行向上，四指輪流收起
暫時,(TEMPORARY),短+時間_A。
暫停,(CESSATION),短+停。
樣子,(SITUATION),雙手掌心向外，由左到右劃一半圓形。
標會,(BID),一手中指點另一向上掌心後相拍
標準,(STANDARD),雙手姆指和食指交叉成十字，一上一下擺在身前。
模仿,(IMITATE),一手拇指伸直不動，另一手從其後向後拉並合起成五指彎曲。
樓,(FLOOR),雙手指尖重複相互碰觸，並由下而上移動。
歐,(EUROPE),食指在眼前重複彎起成捲曲。
澎湖,(PENGHU),手在口前重複上下輕動。
熟練,(SKILLED),食指及姆指伸直，向下動後再同時食指收起。
熱,(HOT),雙手攤開，食指、中指和無名指於太陽穴處重複拍打並往下移動。
熱鬧_A,(BUSTLING_A),雙手掌心相對輪流前後動，同時手指擺動。
熱鬧_B,(BUSTLING_B),雙手掌心相對分別一前一後往反向動。
熨斗,(FLAT-IRON),一手手心朝下不動，另一手握拳在其手臂來回動。
獎狀,(AWARD),雙手姆指接觸交叉，其他手指伸直擺動。
瘦,(THIN (NOT FAT)),雙手貼頰往下動。
盤子,(DISH),雙手姆指、食指捲曲放於身前不動。
窮,(POOR),姆指伸直放於下巴。
範圍,(RANGE),一手五指伸直併攏，手心朝內置於胸前不動，另一手食指伸直在其內重複畫圈。
練習,(PRACTICE),雙手握拳，掌心朝內，重複敲胸部。
緣分,(FATE),綠+分。
線,(LINE),雙手食指、中指及無名指捲曲，姆指及小指捏住，雙手姆指和小指相碰後往左右拉開。
罵_A,(SCOLD_A),一手五指捲曲朝另一手姆指重複動。
罵_B,(SCOLD_B),一手五指捲曲在口前重複搖晃。
罷工,(GO ON STRIKE),做+封閉。
蓮霧,(WAX APPLE),拇指及食指在鼻前往下打開。
蔥,(GREEN ONION),雙手五指捏起成圈，兩手在口前相疊，再重複打開。
蝴蝶,(BUTTERFLY),雙手五指伸直，姆指相觸，其餘指頭上下擺動。
蝦,(SHRIMP),一手食指捲曲在另一手手背上，重複跳動並伸直。
蝸牛_A,(SNAIL_A),一手食指及中指伸直重複擺動，另一手五指彎曲放其手背不動。
蝸牛_B,(SNAIL_B),一手姆指及小指伸直，手腕轉動，另一手五指彎曲放其手背不動。
衛生,(HYGIENE),一手掌心朝內，另一手食指及中指捲曲重複碰其手背。
衛生紙,(TISSUE),手抓鼻後再雙手食指伸直，在身前劃方形。
衝突,(CONFLICT),雙手拇指及小指伸直，由兩旁向中間相碰。
複雜,(COMPLICATED),五指捲曲，食指觸太陽穴，轉動手腕。
請,(PLEASE),姆指貼在掌心內，其餘四指伸直，放在額頭前。
請求,(BEG),雙手重複摩擦。
請客,(INVITE),一手姆指伸直放在另一手掌心上一起向內拉。
課,(COURSE),一手拇指和食指相觸成一圓圈，另一手在其手腕下握拳，掌心朝下，兩手交叉往內拉。
調查,(INVESTIGATE),食指和中指捲曲，掌心朝內，在眼前繞圈。
調配,(MIX),雙手姆指、小指伸直輪流向下合起成兩指捏起。
誰,(WHO),姆指伸直，其餘四指指背貼臉頰。
豬_N,(PIG_N),姆指和小指伸直，放於鼻前。
豬_S,(PIG_S),手在下巴處繞圈動。
賠本,(LOSE MONEY),雙手拇指、食指捏起在身前同時向外打開成五指伸直。
賠錢,(COMPENSATE),一手四指與拇指平行相對，從腰間拉出放另一手手心上。
賠償,(COMPENSATE),一手四指與拇指平行相對，從腰間拉出放另一手手心上。
賣,(SELL),右手食指和拇指在胸前相觸成一圈﹔左手在右手下方且掌心向上，較近身體。兩手同時移動，右手向後左手向前。
躺,(LIE DOWN),一手姆指及小指伸直，手背放於另一手手心上。
輪流,(TAKE TURNS),一手五指伸直，另一手食指輪流指五指 。
遷居_A,(MOVE  HOUSE_A),雙手五指伸直指尖相碰後一起向旁邊移動。
遷居_B,(MOVE HOUSE_B),一手五指伸直斜放身前不動，另一手五指捲曲向旁拉。
鄰居,(NEIGHBOR),房子+處。
鄭,(CHENG (SURNAME)),右手掌心向下，在頭上劃圓圈。
醋,(VINEGAR),酸_A+倒。
靠,(LEAN),雙手姆指伸直向上，一手貼於另一手。
鞋子_N,(SHOE_N),一手五指捲曲，另一手五指伸直，插入其中。
鞋子_S,(SHOE_S),雙手握拳，雙手手腕輕敲。
養_A,(FEED_A),一手姆指伸直不動，另一手掌心朝上，以指尖重複觸碰姆指。
養_B,(FEED_B),一手食指中指捲曲，對著另一手姆指重複彈開。
餓,(HUNGRY),雙手掌心向內彎，輕壓肚子。
駕駛,(DRIVE),雙手握拳，輪流上下動如開車狀。
髮,(HAIR),食指和姆指捏頭髮。
壁虎,(GECKO),一手不動，另一手姆指、食指及中指在其手心往上動。
學生,(STUDENT),雙手手掌心朝內相靠，兩手向外拉開成姆指和小指伸直，其餘緊閉。
學生證,(STUDENT'S ID CARD),學生+證明。
學徒_A,(APPRENTICE_A),跪+學習。
學徒_B,(APPRENTICE_B),跪+練習。
學校,(SCHOOL),左手傾斜，右手由裡向外繞一圈成房子狀。
學習,(LEARN),一手拇指伸直不動，另一手從其後向後拉並合起成五指彎曲。
導演,(DIRECT A PLAY),雙手掌心朝外輪流重複往外推。
懊悔_N,(REGRET_N),手在鼻前合起成五指彎曲且指尖接觸。
懊悔_S,(REGRET_S),五指伸直拍頭。
戰爭,(WAR),雙手五指伸直張開，雙手手指相碰且前後交錯晃動。
擅長,(BE GOOD AT),手在口前向旁快速一動。
擁擠,(CROWDED),雙手指背相靠，左右移動。
擋,(BLOCK),一手五指伸直手心朝外，另一手五指指尖點在其手心同時向外一動。
操縱,(CONTROL_B),一手姆指伸直，另一手握拳在其上繞圈動，同時姆指也跟著繞圈。
擔心,(WORRIED),拇指和食指捏起成圈，在另一手手掌心上，雙手一起上下動。
擔任,(BE RESPONSIBLE FOR_B),雙手五指捲曲分別放在左右肩上。
整天_A,(ALL DAY_A),雙手姆指及食指伸直，食指朝上向下轉成食指朝下。
整天_B,(ALL DAY_B),食指從另一手手臂處畫弧，手背打在另一手掌心。
整理,(ARRANGE),雙手指尖向前，掌心相對，由一側移到另外一側。
曉得_N,(KNOW_N),手在胸前向下輕擦數次。
曉得_S,(KNOW_S),手握拳輕拍胸前。
橘子,(ORANGE),一手五指捲曲，另一手對其作剝皮狀。
樹,(TREE),一手五指伸直，中指向內縮，手臂向上伸直，手肘放在另一手手背上搖晃手腕。
樹枝,(BRANCHES OF A TREE),雙手食指伸直在身前重複左右拉開。
橄欖球,(RUGBY),雙手先左右拉開並合起如橄欖球狀，再雙手相疊左右動。
橡皮擦,(ERASER),一手在另一手手心上來回擦動。
橋,(BRIDGE),雙手姆指、食指和中指伸直，在身前往後做一弧形動作。
機車,(MOTORCYCLE),雙手握拳，掌心朝下，雙手轉動。
機車行照,(DRIVING PERMIT),機車+行+證明。
機車駕照,(MOTORCYCLE DRIVING LICENSE),機車+證明。
機場,(AIRPORT),飛機+處。
機器,(MACHINE),雙手掌心向內，五指捲曲 ，相插由上到下搖動。
歷史,(HISTORY),雙手姆指和小指伸直，掌心相對，分別往上下拉開。
濃,(STRONG (DENSE)),姆指食指捏緊慢慢開成兩指微彎。
澳洲_A,(AUSTRALIA_A),雙手拇指中指相觸，在胸前上下跳動並彈開。
澳洲_B,(AUSTRALIA_B),拇指和中指、無名指捏起，食指和小指伸直，在另一手掌心往前跳動。
澳洲_C,(AUSTRALIA_C),奶_S+州。
燈,(LIGHT),五指指尖捏起成圈後往下打開。
燕子,(SWALLOW),姆指、食指和中指伸直在身前左右揮動。
燙_A,(HOT TO THETOUCH_A),一手碰另一手手背處，迅速往旁甩出。
燙_B,(HOT TO THE TOUCH_B),五指捲曲在胸前重複上下動。
燙衣服,(IRON CLOTHES),一手手心朝下不動，另一手握拳在其手臂來回動。
獨立,(INDEPENDENT),自己_N+站。
窺視_A,(PEEK_A),姆指及食指捲曲放於眼邊，食指重複彎起。
窺視_B,(PEEK_B),食指和中指伸直交叉放於眼前。
糖果_A,(CANDY_A),兩手姆指食指捏緊，同時向外轉開如打開糖果包裝。
糖果_B,(CANDY_B),糖_S+糖果_A。
糖果_C,(CANDY_C),糖_N+糖果_A。
縣,(COUNTY),一手掌心朝下橫放於身前，另一手四指彎曲在其手背上向外劃半圈。
膩_A,(BORED WITH_A),五指張開，姆指碰胸前往下畫。
膩_B,(BORED WITH_B),姆指伸直碰胸後向下拉。
興趣_N,(LIKE_N),食指和姆指指尖接觸成圈，其餘緊閉，在口邊重複向下劃。
興趣_S,(LIKE_S),食指和姆指捏喉嚨，其餘緊閉。
蕃茄_A,(TOMATO_A),五指捲曲來回摩擦另一手手臂。
蕃茄_B,(TOMATO_B),紅_S+蕃茄_A。
蕃茄醬,(KETCHUP),蕃茄_A+倒。
蕃薯,(SWEET POTATO),地_B+瓜。
螃蟹_A,(CRAB_A),雙手食指、中指伸直，在身前重複併攏。
螃蟹_B,(CRAB_B),雙手食指、中指伸直，姆指指尖相接，橫向移動且重複併攏。
螞蟻_A,(ANT_A),糖_S+蟲。
螞蟻_B,(ANT_B),黑+蟲。
螢火蟲,(FIREFLY),一手小指捲曲重複彎動，一手五指捏起在其下重複打開。
褲子,(PANTS),雙手在腿的二側往下動。
親戚,(RELATIVES),一手橫放胸前，另一手食指和姆指捏起，在其手背重複往上擦動。
親臨,(VISIT PERSONALLY),雙手食指伸直作"人"字狀向內移動。
貓,(CAT),食指和姆指捏起，在臉頰處重複繞圈動。
輸,(LOSE),手觸鼻再往下移。
辦,(DO),雙手握拳，重複上下對敲。
辦公,(OFFICIAL WORKING),一手拇指、食指捏起在另一手臂上作寫字狀。
辦公室_A,(OFFICE_A),寫+室
辦公室_B,(OFFICE_B),做+室
辦公室_C,(OFFICE_C),辦公+處
辦法,(METHOD),雙手指尖向前，掌心相對，由一側移到另外一側。
遵從,(OBEY),雙手食指、姆指伸直，同時往左下拉並捏起。
遵照,(OBEY),雙手食指、姆指伸直，同時往左下拉並捏起。
選,(CHOOSE),一手掌心向內，指尖向上；另一手中指和姆指分別在其五指上拉出。此打法與「選擇」相同。
選擇,(CHOOSE),一手掌心向內，指尖向上；另一手中指和姆指分別在其五指上拉出。此打法與「選」相同。
遲到_A,(ARRIVE LATE_A),一手姆指、食指伸直，畫一弧形點在另一手手心。
遲到_B,(ARRIVE LATE_B),來+慢_N。
遺失,(LOSE),雙手張開在胸前交叉並握起拳頭。
遺傳,(INHERIT),一手姆指伸直，另一手五指捲曲且捏起朝其移動且變成五指伸直。
遺漏,(LACK),拇指、食指捏起碰另一手手背後，向下打開。
醒,(WAKE UP),雙手姆指與食指先捏起之後在眼前張開。
錯,(MISTAKE),食指和中指交叉，在鼻旁向前彈開，其餘緊閉。此打法與「錯誤」相同。
錯誤,(MISTAKE),食指和中指交叉，在鼻旁向前彈開，其餘緊閉。此打法與「錯」相同。
錢,(MONEY),食指和姆指指尖接觸成圈，其餘放鬆伸直。
鋼琴,(PIANO),雙手五指伸直張開朝下，作彈鋼琴狀。
錄音,(SOUND RECORDING),播放帶_A+記錄_B。
錄音帶_A,(TAPE_A),記錄_B+播放帶。
錄音帶_B,(TAPE_B),播放帶_A+片。
錄影_A,(FILM_A (VERB)),一手握拳，另一手拇指、食指(及中指)伸直放於其上左右動。同「拍攝_A」。
錄影_B,(FILM_B (VERB)),一手拇指、食指(及中指)伸直，另一手向內五指收起。同「拍攝_B」。
錄影_C,(FILM_C (VERB)),一手拇指、食指(及中指)伸直，另一手握拳在旁繞圈。同「拍攝_C」。
錄影帶_A,(VIDEO TAPE_A),五指彎曲且拇指與其他四指平行在另一手下向前動。
錄影帶_B,(VIDEO TAPE_B),電視+錄影帶_A。
隨便,(WHATEVER),雙手食指伸直輪流輕敲胸前。
隨意,(WHATEVER),雙手食指伸直輪流輕敲胸前。
雕刻,(CARVE),一手姆指伸直，另一手食指及中指伸直併攏重複碰姆指指背。
頭,(HEAD),手輕拍頭部。
頭暈,(DIZZY),五指捏起於額頭前繞圈。
頭髮,(HAIR),食指和姆指捏頭髮。
餐廳_A,(RESTAURANT_A),吃飯+房子
餐廳_B,(RESTAURANT_B),吃飯+處
館,(HOUSE),雙手五指伸直併攏在身前指尖相碰。
餛飩,(WON TON),一手開合抓另一手伸直的食指中指。
駱駝,(CAMEL),一手手臂放身前不動，另一手五指併攏微彎在其手臂畫兩個半圓形。
鴨子,(DUCK),姆指、食指和中指在口前重複開合。
默契_A,(TACIT UNDERSTANDING_A),雙手食指伸直先朝外同時快速轉成手心朝內。
默契_B,(TACIT UNDERSTANDING_B),雙手在胸前相碰合成五指彎曲且指尖接觸。
龍_N,(DRAGON_N),拇指、中指與無名指捏起，在臉前做波浪狀移動。
龍_S,(DRAGON_S),雙手食指伸直觸鼻旁，再同時往外移出並重複彎起。
龜,(TURTLE),一手蓋住另一手姆指，姆指重複上下彎動。
優待_A,(DISCOUNT_A),錢+半。
優待_B,(DISCOUNT_B),利+優待_A。
儲放,(STORE UP),一手掌心朝下，另一手在其下做把東西放進狀。
儲蓄_A,(SAVE MONEY_A),一手拇指與食指捏起，放進另一手虎口內。
儲蓄_B,(SAVE MONEY_B),一手拇指與食指捏起，另一手重複拍其手背。
儲蓄_C,(SAVE MONEY_C),一手拇指與食指捏起於另一手手心往上拉。
儲藏,(STORE UP),一手掌心朝下，另一手在其下做把東西放進狀。
嚐,(TASTE),食指放於嘴角，口作嚐東西狀。
嚇一跳_A,(STARTLE_A),五指捲曲碰胸前，且身體也同時往後一動。打法同「驚訝_A」。
嚇一跳_B,(STARTLE_B),五指併攏微彎，手背貼於臉頰身體也同時往後一動。打法同「驚訝_B」。
壓,(PRESS),一手五指伸直，手心向上，放於腰前；另一手五指伸直，手心向下，朝另一手用力一動。
壓迫,(OPPRESS),一手姆指伸直，另一手五指捲曲在上往下朝其用力一動。
嬰兒,(BABY),雙手一上一下左右搖動。
尷尬,(EMBARRASSED),雙手五指捲曲捏起，在身前重複相碰。
幫_N,(HELP_N),一手掌心重複拍另一手伸直向上之姆指指背。此打法與「幫忙_N」、「幫助_N」相同。
幫_S,(HELP_S),雙手掌心向下，在胸前重複相互拍打。此打法與「幫忙_S」、「幫助_S」相同。
幫忙_N,(HELP_N),一手掌心重複拍另一手伸直向上之姆指指背。此打法與「幫_N」、「幫助_N」相同。
幫忙_S,(HELP_S),雙手掌心向下，在胸前重複相互拍打。此打法與「幫_S」、「幫助_S」相同。
幫助_N,(HELP_N),一手掌心重複拍另一手伸直向上之姆指指背。此打法與「幫_N」、「幫忙_N」相同。
幫助_S,(HELP_S),雙手掌心向下，在胸前重複相互拍打。此打法與「幫_S」、「幫忙_S」相同。
應該,(SHOULD),一手食指伸直，掌心向上，往上轉成掌心向下放於掌心向上的另一手食指上。
懂_N,(UNDERSTAND_N),手在胸前向下輕擦數次。
懂_S,(UNDERSTAND_S),拳頭輕拍胸前。
戲劇_A,(DRAMA_A),雙手掌心朝內輪流於胸前往兩側並向下拉。
戲劇_B,(DRAMA_B),雙手掌心相對輪流於胸前往前並向下拉。
戴帽,(PUT ON A HAT),手放於頭上如戴帽狀。。
擠,(CROWDED),雙手指背相靠，左右移動。
擰,(WRENCH),雙手握拳且反向轉動。
檢查,(CHECK),食指與中指彎曲，在眼前重複畫圓。
牆,(WALL),一手直放，掌心斜向下，另一手四指伸直併攏，沿著其手臂向下移動。
獲得,(GAIN),一手掌心向上，另一手姆指伸直擊掌心後向上拉起。
環島,(TRAVEL AROUND THE ISLAND),一手拇指、食指捏起，另一手拇指在其上繞圈。
環遊世界,(TRAVEL AROUND THE WORLD),一手五指捲曲，另一手拇指在其周圍繞圈。
環境,(ENVIRONMENT),一手五指捲曲掌心朝下不動，另一手也是五指捲曲在其周圍重複向下放。
癌症,(CANCER),品+病。
縫,(SEW),雙手姆指及食指捏起做縫衣服狀。
總統,(PRESIDENT),國家+領袖
翼,(WING),一手壓住另一手手臂，同時上下揮動。
聲音,(SOUND),食指和中指伸直向上，掌心朝外，重複在耳邊搖動。
聰明_A,(SMART_A),食指和姆指捏起，在太陽穴處彈開。
聰明_B,(SMART_B),想+棒_A。
聯合,(UNITE),雙手食指相勾繞圈移動，其餘手指也跟著擺動。
聯絡,(CONTACT),雙手拇指和食指相扣成雙圓，重複在胸前前後移動。
臉,(FACE),食指伸直，在臉前劃圈。
臉色紅潤,(HEALTHY LOOKING),單手食指碰唇後，手掌打開往上移動。
臉色蒼白,(PALE),拇指、食指及中指微彎，食指點牙齒後再於臉部繞圓。
臉紅,(BLUSH),食指觸嘴唇後，手掌打開往上升。
艱難,(DIFFICULT),食指和姆指一起捏住臉頰。
薄,(THIN (NOT THICK)),食指和姆指漸漸合起。
薑,(GINGER),四指彎曲疊在一起。
虧本,(SUFFER LOSSES),雙手拇指、食指捏起在身前同時向外打開。
蟑螂,(COCKROACH),雙手食指在鼻子兩側上下彎動。
謙虛,(HUMBLE),小指輕敲胸部。
講,(SPEAK),食指伸直，在口前前後動。
謊話,(LIE),食指重複輕觸鼓起之臉頰。
謝謝_A,(THANK_A),姆指向上，重複彎曲。
謝謝_B,(THANK_B),一手姆指緊貼掌心，其餘伸直，掌面與身體垂直，從另一手手腕處向額頭移動。
賺錢_A,(EARN MONEY_A),一手手心朝上置於身體前，另一手拇指和食指相觸成一圓圈，在其手心上方由外往內重複移動。
賺錢_B,(EARN MONEY_B),雙手拇指和食指相觸成一圓圈，手腕重複向內翻轉並打開手指。
賺錢_C,(EARN MONEY_C),一手拇指和食指相觸成一圓圈，另一手食指重複勾住其圓圈並向內拉。
賽跑,(RACE),雙手姆指伸直，在身前重複前後動。
購買_A,(BUY_A),右手食指和拇指在胸前相觸成一圈，左手在右手下方且掌心向上，兩手同時移動，右手向前左手向後。
購買_B,(BUY_B),食指碰觸姆指第一指節，然後打開。
還不錯,(NOT BAD),姆指和小指伸直在身前前後動。
還可以,(NOT BAD),姆指和小指伸直在身前前後動。
還好,(NOT BAD),姆指和小指伸直在身前前後動。
還有,(MORE),雙手掌心上下磨擦。
還沒,(NOT YET),手掌心朝內，四指向下，上下幌動。
邀請,(INVITE),一手姆指伸直向上，擺在另一手掌心上，向內拉。
醜_A,(UGLY_A),掌心碰下巴後，再往前並往外移動。
醜_B,(UGLY_B),臉+差勁。
韓國,(KOREA),雙手四指彎曲，指尖先碰太陽穴處再往下碰臉頰，接著打"國家"。
餵,(FEED),一手食指、中指捲曲，重複打開碰另一手姆指。
黏,(STICKY),雙手中指和姆指指尖重複開合，其餘手指伸直。
點名,(CALL THE ROLL),食指重複在另一手手心往下劃。
點滴,(INTRAVENOUS DRIP),一手拇指與小指捏起重複向下碰另一手手臂。
嚮導,(LEAD),一手掌心朝下，跟著另一手伸直的姆指往前移動。
擴大,(ENLARGE),雙手拇指和食指相對張開成弧，往兩側移動。
檳榔,(BETEL NUT),姆指伸直放於嘴角，嘴巴做嚼檳榔狀。
櫃子,(CABINET),雙手握拳向內左右拉開如開櫃子狀。
檸檬_N,(LEMON_N),一手五指捏緊，另一手五指捲曲壓在其上轉動，作擠檸檬狀。
檸檬_S,(LEMON_S),雙手五指交錯，掌心對壓。
瀑布,(WATERFALL),一手五指張開從另一手手背向下動。
禮拜一_N,(MONDAY_N),手語"一"從腋下抽出放於身前。
禮拜一_S,(MONDAY_S),一手打手語"七"，另一手打"一"橫放於身前。
禮拜二_N,(TUESDAY_N),手語"二"從腋下抽出放於身前。
禮拜二_S,(TUESDAY_S),一手打手語"七"，另一手打"二"橫放於身前。
禮拜三_N,(WEDNESDAY_N),手語"三"從腋下抽出放於身前。
禮拜三_S,(WEDNESDAY_S),一手打手語"七"，另一手打"三"橫放於身前。
禮拜五_N,(FRIDAY_N),手語"五_A"從腋下抽出放於身前。
禮拜五_S,(FRIDAY_S),一手打手語"七"，另一手打"五_A"橫放於身前。
禮拜六_N,(SATURDAY_N),手語"六"從腋下抽出放於身前。
禮拜六_S,(SATURDAY_S),一手打手語"七"，另一手打"六"橫放於身前。
禮拜天_N,(SUNDAY_N),姆指、食指和中指重複碰嘴唇後合起。
禮拜天_S,(SUNDAY_S),一手打手語"七"，另一手打"七"橫放於身前。
禮拜四_N,(THURSDAY_N),手語"四"從腋下抽出放於身前。
禮拜四_S,(THURSDAY_S),一手打手語"七"，另一手打"四"橫放於身前。
禮拜幾_N,(WHAT DAY IS TODAY_N),手語"多少"從腋下抽出放於身前。
禮拜幾_S,(WHAT DAY IS TODAY_S),一手打手語"七"，另一手打"多少"橫放於身前。
禮堂,(AUDITORIUM),一手食指伸直，另一手五指捲曲，兩手相向同時彎動。
禮貌,(POLITENESS),雙手相向，四指重複向下彎起。
簡單_A,(EASY_A),一手手心朝內置於胸前，另一手食指伸直重複在其手心由上往下畫。
簡單_B,(EASY_B),一手手心朝上，放於口前噴氣一次。
簡單_C,(EASY_C),一手手心朝上置於胸前，另一手食指先碰嘴，再碰觸手心。
繡,(SEW),雙手姆指及食指捏起做縫衣服狀。
翻跟斗,(SOMERSAULT),一手食指及中指伸直立另一手手心上往上轉數圈，再立於其手心。
翻譯,(TRANSLATE),姆指伸直在口前左右搖動。
舊_A,(OLD_A),手往肩膀上方合起。
舊_B,(OLD_B),食指在鼻側上下動。
藍,(BLUE),手碰臉頰後往旁拉。
蟬,(CICADA),四指併攏微彎，姆指緊貼食指的第一指節放於耳邊。
蟲,(BUG),小指重複彎起並橫向移動。
豐原,(FENGYUAN (PLACE NAME)),一手姆指、食指捏起，其餘伸直；另一手食指在其伸直之三指上往下畫。
豐富,(ABUNDANT),姆指和食指伸直，食指觸下巴。
轉,(REVOLVE),雙手食指伸直，上下相對，相互繞圈。
轉鈕,(TURNING BUTTONS),雙手五指捲曲成圓狀，掌心朝外，在胸前重複轉動。
轉變,(CHANGE_B),雙手手掌心相對相疊，左手在上轉成左手在下。
醫,(MEDICAL),一手四指微彎，指尖觸另一手手腕處做把脈狀。
醫治,(CURE),醫+檢查。
醫院_A,(HOSPITAL_A),醫+房子
醫院_B,(HOSPITAL_B),醫+處
醫院_C,(HOSPITAL_C),醫+院子
醬油,(SOY SAUCE),黑+倒。
鎖,(LOCK),雙手拇指和食指相觸成圓，在胸前交叉相扣。
闔眼,(CLOSE EYES),食指和拇指在眼前捏起。
離別,(SEPARATE),雙手指背相靠後拉開。
離婚,(DIVORCE),一手姆指，一手小指，兩手相碰後左右拉開。
離開,(LEAVE),手往外甩手成掌心朝外。
雜誌,(MAGAZINE),消遣+書
雙層巴士,(DOUBLE-DECK BUS),雙手四指上下相疊，輕輕向外動
雞,(CHICKEN),食指和姆指伸直在口前，重複捏起。
鞦韆,(SWING),一手食指及中指伸直，另一手姆指及小指伸直放於其上同時前後動。
顏色_A,(COLOR_A),手在口前，食指、中指重複擺動。
顏色_B,(COLOR_B),姆指、食指和中指伸直，在身前向旁移動。
鬆,(LOOSE),一手姆指伸直，另一手食指和姆指先將其包住後鬆開。
鬆了一口氣,(RELIEF),手掌於胸前往下擦，口中同時吐氣。
鵝,(GOOSE),姆指及中指分別放於食指上下側，手肘放於另一手手背上前後移動。
壞,(BAD),手握拳，在鼻前左右動。
壞掉,(BROKEN),雙手握拳，掌心朝下，一碰再翻成掌心相對。手語打法與「破壞」相同。
壞習慣_A,(BAD HABIT_A),習慣_N+差勁。
壞習慣_B,(BAD HABIT_B),習慣_N+不好。
壞話,(UNPLEASANT WORDS),食指伸直在嘴前重複左右動。
懷孕_A,(PREGNANT_A),一手在另一手手臂上劃一半圓。
懷孕_B,(PREGNANT_B),五指微彎在胸前搖晃。
懷疑_A,(DOUBT_A),食指伸直觸下巴。
懷疑_B,(DOUBT_B),食指伸直在額頭上擺動。
懶惰,(LAZY),姆指、食指和中指伸直，在鼻前向旁邊拉出。
曠課,(CUT CLASS),一手五指捲曲捏起，放於另一手手心上。
櫥子,(CABINET),雙手握拳左右拉開如開櫃子狀。
獸醫,(VETERINARIAN),動+東西+醫。
禱告,(PRAY),一手握拳另一手包起做禱告狀。
簽名,(SIGN UP),拇指和食指相觸成一圓圈，其餘的三指伸直，指尖碰觸在另一手手心上 。
簽約,(CONTRACT),雙手拇指、食指及中指捏起向下，作蓋印章狀
繩子,(ROPE),雙手食指和中指交叉，向左右拉轉開。
繪畫,(PAINTING),雙手掌心向上，一手指背在另一手掌心上重複輕擦。
羅,(LUO (SURNAME)),食指和中指伸直，重複敲另一手手背。
繳費,(PAY),拇指及食指捏起成圈從腰側往外移出。
藥,(MEDICINE),一手中指彎曲，在另一手手心上繞圈做磨藥狀。
識破,(BEING DISCOVERED),手握拳碰胸後向上動。
證明,(PROVE),一手五指微彎，掌心向下碰觸另一手掌心上。
譏笑,(RIDICULE),一手食指重複碰另一手拇指。
贈送,(DELIVER),雙手五指指尖相觸，在胸前向前畫半圓後相碰。
贊成_A,(AGREE_A),想+一樣。
贊成_B,(AGREE_B),想+肯。
辭典,(DICTIONARY),雙手指尖相碰，姆指重複彎起，兩手打開如翻字典狀。
辭職,(RESIGN),做+退_A。
邊,(SIDE),一手從另一手手肘往手腕處畫。
鏡子,(MIRROR),雙手五指伸直，分別放臉前及頭後，雙手晃動。
關心,(CONCERNED),雙手拇指和食指各相觸成一圓圈，兩圓相扣在心處輕輕搖動。
關門,(CLOSE THE DOOR),雙手姆指緊貼掌心，其餘伸直向上，掌心相對再雙手合併成掌心向外。
關係,(RELATION),雙手姆指和食指指尖相接成圈且兩圓圈相扣，其餘伸直，左右晃動。
關懷,(CONCERNED),兩手拇指及食指捏起成圈相扣在心處輕輕搖動。
難,(DIFFICULT),食指和姆指一起捏住臉頰。
難吃,(NOT DELICIOUS),吃+差勁。打法同「不好吃」。
難看,(BAD LOOKING),看_N+差勁。
難過,(DISCOURAGED),五指彎曲放於胸前向下拉並合起。
霧,(FOG),雙手掌心朝外，五指微動交互在臉前繞圈。
類似,(SIMILAR),雙手食指彎曲和姆指指尖相對，掌心向上，在身體前畫半圓。
類別,(VARIETY),一手垂直放在另一手掌心上，由掌根向手指處切動。打法同「種類」。
願意,(WILLING),手握拳重複向下點。
饅頭,(STEAMED BUN),一手五指指尖捏起，從另一手手心上往上重複打開。
騙,(CHEAT),一手拇指、中指及無名指捏起，碰另一手之姆指。
騙我,(DECEIVED),拇指、中指及無名指捏起碰鼻。
鬍子,(BEARD),五指捲曲，沿著下巴向一旁移動。
鬍子(八字鬍),(MOUSTACHE),雙手食指、姆指彎曲，分別鼻子下方左右拉開。
鯨魚,(WHALE),先打出「魚」，接著另一手向上打開如噴水狀。
嚴格,(STRICT),一手食指和中指捲曲，敲打在另一手掌心上。
競賽,(COMPETE),雙手姆指伸直，在胸前輪流上下移動。
籃子,(BASKET),網+提。
籃球,(BASKETBALL),一手五指伸直併攏朝上，另一手拇指和食指相觸，指尖重複碰手心。
繼續,(CONTINUE),雙手姆指和食指相扣成雙圓，其餘伸直，由上往下移動。
蘇,(SU (SURNAME)),手重覆敲打於頭側。打法同「蘇俄」。
蘇俄,(RUSSIA),手重覆敲打於頭側。
覺得,(FEEL),食指和中指伸直在臉頰旁向上動同時雙指擺動。
警車,(SQUAD CAR),警察+閃光信號車。
警察,(POLICEMAN),右手姆指、食指和中指捲曲，掌心朝左，姆指觸前額。
贏,(WIN),手觸鼻，再往上翻成掌心朝外。
釋迦,(SUGAR APPLE),一手先在頭上重複碰觸，再在另一手上作相同動作。
鹹_N,(SALTY_N),一手小指觸口角，口做嘖嘖狀。
鹹_S,(SALTY_S),五指捲曲在口前左右搖動。
麵,(NOODLES),一手掌心向上橫放在胸前，另一手食指和中指伸直從手心向上移動至口前。
麵包,(BREAD),雙手四指彎曲與姆指平行，雙手相對重複彎起。
屬於他/她,(BELONG TO HIM/HER),手往旁一推。
屬於你,(BELONG TO YOU),手往前一推。
屬於我,(BELONG TO ME),先打「我」後，再以手拍胸。
攝影_A,(TAKE PICTURES_A),雙手姆指及食指捲曲圍一矩形置於臉前，右手食指重複彎動。
攝影_B,(TAKE PICTURES_B),一手握拳放眼前，另一手五指伸直併攏在拳頭前重複上下晃動。
櫻桃,(CHERRY),先打「紅」，再一手食指伸直碰另一手五指捏起的指尖。
爛,(LOUSY),伸出小指往下一甩。同「差勁」。
蘭花,(ORCHID),一手姆指及中指捏起其餘伸直手背貼於另一手手心。
蘭嶼_A,(LANYU_A),先打「蘭花」，再雙手拇指及食指相碰往上拉。
蘭嶼_B,(LANYU_B),先打「蘭花」，再於腰部兩側打丁字褲狀。
蠟燭,(CANDLE),食指、中指及無名指伸直在在另一手中晃動。
襪子,(SOCKS),一手手心朝下從另一手手背向上拉後翻成手心朝上。
護士,(NURSE),一手食指彎曲和姆指相接成十字，姆指指背觸另一手手臂。
辯論,(DEBATE),兩手食指相對轉動同時向上移。
鐵,(IRON),食指、中指伸直碰臉頰後，收起成捲曲放於臉頰處。
霸道,(OVERBEARING),五指捲曲沿著下巴移動。
顧忌,(MISGIVE),拇指、食指彎曲放於下巴上方。
魔鬼_N,(GHOST_N),雙手中指微彎其餘伸直，在臉前向外拉。
魔鬼_S,(GHOST_S),雙手拇指及食指捏起從太陽穴向外打開。
鰥夫,(WIDOWER),一手拇指伸直，另一手小指伸直，拇指與小指靠攏，小指伸直的手突然向側方一倒。
鶴,(CRANE),一手中指伸直立於另一手掌心
囉唆_A,(TALKATIVE_A),姆指及食指彎曲，在口前向下拉出。同「長舌_A」。
彎路_A,(DETOUR_A),一手在身前由內向外作S形移動。
彎路_B,(DETOUR_B),雙手拇指、小指伸直，由內向外作S形移動。
攤販,(PEDDLER),雙手握拳，在腰旁重覆往前推。
權力,(POWER),手往上抓起成握拳。
歡迎,(WELCOME_B),高興+迎接
歡喜,(HAPPY),雙手輪流重複上下輕擦胸前。打法與「高興」、「快樂」相同。
聾,(DEAF),用手蓋住耳朵。
聾人,(DEAF PERSON),用手蓋住耳朵。打法同「聾」。
聽,(HEAR),五指微彎置於耳後。
聽人,(HEARING PERSON),雙手食指伸直，分別在耳邊及口前前後移動。
聽不見,(CAN'T HEAR),手往耳朵後搧動。
聽說_A,(HEAR OF_A),手重複朝耳朵處打開。
聽說_B,(HEAR OF_B),食指重複指向耳朵處。
襯衫,(SHIRT),雙手食指和姆指從脖子處往兩側移動並且往下合起。
讀,(STUDY),雙手掌心向上相靠；同時口嘟成圓形似讀書狀。
讀書,(STUDY),雙手掌心向上相靠；同時口嘟成圓形似讀書狀。
驕傲,(PROUD),五指指尖觸鼻，往上一動。
髒,(DIRTY),食指伸直在鼻樑處往上輕擦。
戀愛_A,(FALL IN LOVE_A),雙手掌心朝下，一手輕撫另一手手背。
戀愛_B,(FALL IN LOVE_B),雙手掌心朝下，一手輕撫另一手握拳手背。
攪,(STIR),一手五指捲曲，四指併攏橫放，另一手食指伸直在其虎口內做攪拌狀。
竊盜,(STEAL),一手手心朝下，另一手食指捲曲從其下往內拉。打法同「偷竊」、「小偷」。
蘿蔔,(RADISH),先打"紅"後，食指和中指伸直，重複敲另一手手背。
變,(CHANGE_B),雙手手掌心相對相疊，左手在上轉成左手在下。
變化,(CHANGE_B),雙手手掌心相對相疊，左手在上轉成左手在下。
變成,(CHANGE_B),雙手手掌心相對相疊，左手在上轉成左手在下。
變聾,(BECOME DEAF),食指捲曲與姆指相拼攏，在耳旁向前一轉。
顯眼,(SHOWY),食指點於在眼下方，頭同時後傾。
驚訝_A,(STARTLE_A),五指捲曲碰胸前，且身體也同時往後一動。打法同「嚇一跳_A」。
驚訝_B,(STARTLE_B),五指併攏微彎，手背貼於臉頰身體也同時往後一動。打法同「嚇一跳_B」。
體育,(GYMNASTICS),雙手握拳，在肩膀上做舉重狀。
罐頭_A,(CAN (NOUN)_A),一手五指捲曲放於身前，另一手姆指指尖頂在上面，食指捲曲繞一圈作開罐狀。
罐頭_B,(CAN (NOUN)_B),一手五指捲曲放於身前，另一手姆指貼在捲曲食指指邊，在其上對其作開罐狀。
讓,(YIELD),手掌心朝上，在胸前往外移。
靈魂,(SOUL),雙手張開，掌心相對，拇指和中指相碰，一上一下拉開並捏起。
鷹,(EAGLE),姆指及食指捲曲放鼻前。
鹽_N,(SALT_N),小指伸直放於嘴角處。
鹽_S,(SALT_S),五指微微捲曲，掌心向內，置於口前，左右擺動。
觀賞,(APPRECIATE),五指彎曲放在眼睛下方，重複合起。
鑰匙,(KEY),一手食指捲曲和姆指相碰，在另一手掌心內重複轉動如開鎖狀。
饞嘴,(FOND OF FOOD),食指從嘴角往下畫。
參加,(PARTICIPATE),雙手食指伸直輪流向外動。
放屁_B,(FART_B),一手食指伸直，另一手在其上向外打開。
夢_B,(DREAM_B),食指伸直點太陽穴後向上拉起並重複彎曲。
糖_N,(SUGAR_N),單手手心向內，在嘴前重複往下移動。
糖_S,(SUGAR_S),單手拇指與食指彎曲，分別放於兩側嘴角，重複往下移動。
復仇_B,(RESTORE_B),雙手交叉，食指、姆指伸直並重覆指尖捏起。
佛,(BUDDHA),一手姆指，中指和無名指指尖相接橫放，另一手食指伸直，重複輕敲其中指。
冰棒,(POPSICLE),食指伸直在口前轉動 。
公共汽車_B,(BUS_B),單手握拳在頭部側邊輕微上下移動。
英俊,(HANDSOME),一手拇指、食指與中指伸直，在下巴處往旁邊移動。
蘋果,(APPLE),紅＋蘋果
